Age Category,Sex,Belt,Weight Division,Place,Name ,Academy
Master 1,Male,Blue,Rooster,1,Ben N Stream,LEGACY JIU-JITSU - TEAM ALBERTO CRANE
Master 1,Male,Blue,Rooster,2,Branden Kyle Whittington,COALITION 95
Master 1,Male,Blue,Rooster,3,Daniel Pinedo,CAMARILLO JIU JITSU
Master 1,Male,Blue,Rooster,3,Manny Juan Almodova,BIG BROTHERS
Master 1,Male,Blue,Light-Feather,1,Xiaoxi Du,ALLIANCE
Master 1,Male,Blue,Light-Feather,2,Josh Kim,GAZZE ACADEMY
Master 1,Male,Blue,Light-Feather,3,Marcos Paulo dos Santos,FAMÍLIA JIU-JITSU
Master 1,Male,Blue,Light-Feather,3,Zachary Lessman,ATOS JIU-JITSU
Master 1,Male,Blue,Feather,1,John Marsh,ATOS JJ USA
Master 1,Male,Blue,Feather,2,Michael Zagorski,CARLSON GRACIE TEAM
Master 1,Male,Blue,Feather,3,James Averion,ATOS JIU-JITSU
Master 1,Male,Blue,Feather,3,Josue Ali Lopez,GF TEAM
Master 1,Male,Blue,Light,1,Jacob Lee Erdman,ARES BJJ
Master 1,Male,Blue,Light,2,Charlie Pinto,ARES BJJ
Master 1,Male,Blue,Light,3,Jason Robert Stuedemann,BRASA CTA
Master 1,Male,Blue,Light,3,Victor Borja,TAC TEAM BJJ
Master 1,Male,Blue,Middle,1,Daniel Fernandez-Paz,BAD BOYS JJ
Master 1,Male,Blue,Middle,2,Mason Roy,RIBEIRO JIU-JITSU INTERNATIONAL
Master 1,Male,Blue,Middle,3,Bilimbek Almamatov,TEAM REDZOVIC
Master 1,Male,Blue,Middle,3,Daniel Foley,GF TEAM
Master 1,Male,Blue,Medium-Heavy,1,Brandon Gagnon,INDIANA BRAZILIAN JIU-JITSU ACADEMY
Master 1,Male,Blue,Medium-Heavy,2,Ruapounamu Jordan James Erceg,LEGACY
Master 1,Male,Blue,Medium-Heavy,3,Daniel Kennedy,WILL/MACHADO
Master 1,Male,Blue,Medium-Heavy,3,Nathan Loeffler,CLEBER JIU JITSU VISALIA
Master 1,Male,Blue,Heavy,1,John Nickolaus Miller,GRACIE BARRA JJ
Master 1,Male,Blue,Heavy,2,Travis Scott Davis,GF TEAM
Master 1,Male,Blue,Heavy,3,Jaime Paul Thornblad,CARLSON GRACIE
Master 1,Male,Blue,Heavy,3,Sherif Girgis,UFC GYM
Master 1,Male,Blue,Super-Heavy,1,Navarro Joseph Chamberlain,CRAZY 88
Master 1,Male,Blue,Super-Heavy,2,Bojan Jovanovic,TEAM SHAWN HAMMONDS
Master 1,Male,Blue,Super-Heavy,3,Darren Kriener,TAC TEAM BJJ
Master 1,Male,Blue,Super-Heavy,3,Jeremy Collins,CRAZY 88
Master 1,Male,Blue,Ultra-Heavy,1,Kion Renard Wilson,MEGA-POWERS
Master 1,Male,Blue,Ultra-Heavy,2,Stewart Benjamin Allen,901 JIU-JITSU
Master 1,Male,Blue,Ultra-Heavy,3,Ahmed Awadallah,FIGHT SPORTS
Master 1,Male,Blue,Ultra-Heavy,3,Jason Jones,R1NG BJJ
Master 1,Male,Blue,Open Class,1,Kion Renard Wilson,MEGA-POWERS
Master 1,Male,Blue,Open Class,2,Navarro Joseph Chamberlain,CRAZY 88
Master 1,Male,Blue,Open Class,3,Jeremy Collins,CRAZY 88
Master 1,Male,Blue,Open Class,3,Stewart Benjamin Allen,901 JIU-JITSU
Master 1,Female,Blue,Rooster,1,Vanessa M. Rodriguez,NOVA UNIÃO
Master 1,Female,Blue,Rooster,2,Hana Vengrinova,LEGACY
Master 1,Female,Blue,Rooster,3,Ai Jin Lee,MONARCHY MMA
Master 1,Female,Blue,Rooster,3,Angela Leite,TONY PASSOS JIU-JITSU
Master 1,Female,Blue,Light-Feather,1,Marne Chiccarelli,CHECKMAT
Master 1,Female,Blue,Light-Feather,2,Shelby Norment,CHECKMAT
Master 1,Female,Blue,Light-Feather,3,Kari Ann Williams,LEAD BJJ
Master 1,Female,Blue,Light-Feather,3,Vernadette Ortiz,RALPH GRACIE
Master 1,Female,Blue,Feather,1,Mariane Moreira Santos,HBJ
Master 1,Female,Blue,Feather,2,Amanda Rose Brundage,SYNERGY BRAZILIAN JIU JITSU
Master 1,Female,Blue,Feather,3,Nicole Katelyne Ball,TEAM LLOYD IRVIN
Master 1,Female,Blue,Feather,3,Tina Jo Robinson,CHECKMAT
Master 1,Female,Blue,Light,1,Erica Barnes,FIGHT SPORTS
Master 1,Female,Blue,Light,2,Amy Harris,"ZENITH BJJ, CANADA"
Master 1,Female,Blue,Light,3,Elaine Huang,CAIO TERRA ASSOCIATION
Master 1,Female,Blue,Light,3,Jessica Borrell,MMA MASTERS
Master 1,Female,Blue,Middle,1,Stephanie Lynn Williamson,SOUL FIGHTERS BJJ
Master 1,Female,Blue,Middle,2,Lauren Ryan,ABSOLUTE BEHRING
Master 1,Female,Blue,Middle,3,Brighton L HUtton,LEAD BJJ
Master 1,Female,Blue,Middle,3,KayLynn Aragon,GRACIE BARRA
Master 1,Female,Blue,Medium-Heavy,1,Alix Kate Bartholomew,RIBEIRO JIU-JITSU
Master 1,Female,Blue,Medium-Heavy,2,Kaycee Sullivan,CHOKE-U
Master 1,Female,Blue,Medium-Heavy,3,Joanie Gaudreau,JIU-JITSU FOR LIFE TEAM
Master 1,Female,Blue,Medium-Heavy,3,Kimberle Cratsenberg,CHECKMAT
Master 1,Female,Blue,Heavy,1,Danielle R Walker,GF TEAM
Master 1,Female,Blue,Heavy,2,Courtney Anaya,RUFFHOUSE
Master 1,Female,Blue,Heavy,3,Elizabeth Marie McKenzie,HIRO BJJ ACADEMY YOKOHAMA
Master 1,Female,Blue,Heavy,3,Shannon Colleen Clancy,JIU-JITSU FOR LIFE TEAM
Master 1,Female,Blue,Super-Heavy,1,Nicole Allum,BRIGADEIRO BRAZILIAN JIU-JITSU USA
Master 1,Female,Blue,Super-Heavy,2,Brianne Marie Gomez,PACIFIC TOP TEAM CALIFORNIA
Master 1,Female,Blue,Super-Heavy,3,Lyndsie Maurene Hauck,ABSOLUTE BEHRING
Master 1,Female,Blue,Super-Heavy,3,Marion Janette Blow,DARKWOLFMMA
Master 1,Female,Blue,Open Class,1,Stephanie Lynn Williamson,SOUL FIGHTERS BJJ
Master 1,Female,Blue,Open Class,2,Kimberle Cratsenberg,CHECKMAT
Master 1,Female,Blue,Open Class,3,Courtney Anaya,RUFFHOUSE
Master 1,Female,Blue,Open Class,3,Danielle R Walker,GF TEAM
Master 1,Male,Purple,Rooster,1,Hiroki Takahashi,BRAVE HEART
Master 1,Male,Purple,Rooster,2,John Camilo Atehortua Muñoz,GF TEAM
Master 1,Male,Purple,Rooster,3,David Daniels,ABMAR BARBOSA ASSOCIATION
Master 1,Male,Purple,Rooster,3,Tu Bui,CARLSON GRACIE TEAM
Master 1,Male,Purple,Light-Feather,1,Lucas Pinto De Souza,ATOS JIU-JITSU
Master 1,Male,Purple,Light-Feather,2,Aaron Villanueva,ATOS JIU-JITSU
Master 1,Male,Purple,Light-Feather,3,Farley thomas,COBRA KAI JIU JITSU
Master 1,Male,Purple,Light-Feather,3,Matthew David Larsen McKay,FERNANDO TERERE JIU-JITSU
Master 1,Male,Purple,Feather,1,Jason Arreola,ONE JIU-JITSU USA
Master 1,Male,Purple,Feather,2,Matthew Farrell,LEAD BJJ
Master 1,Male,Purple,Feather,3,Carlos Henrique do Nascimento,CHECKMAT
Master 1,Male,Purple,Feather,3,Florian Recart,KMR BJJ KIMURA
Master 1,Male,Purple,Light,1,Sérgio Ribeiro dos Louros,MARCAO - ARTSUAVE JIU-JITSU
Master 1,Male,Purple,Light,2,Osvaldo Amazonas de Oliveira,ROMULO MELO BRAZILIAN JIU-JITSU LLC.
Master 1,Male,Purple,Light,3,Samuel Naion Ubirajara Silva de Oliveira,LEAD BJJ
Master 1,Male,Purple,Light,3,Theodore Sanders,LUIZ PALHARES JIU JITSU
Master 1,Male,Purple,Middle,1,Piter Taube,SOUL FIGHTERS BJJ
Master 1,Male,Purple,Middle,2,David Wilcox,JIU-JITSU FOR LIFE TEAM
Master 1,Male,Purple,Middle,3,Derek Gauthier,TEAM OJJ CANADA
Master 1,Male,Purple,Middle,3,Juliano Nunes Lesama,ATOS JIU-JITSU
Master 1,Male,Purple,Medium-Heavy,1,Eduardo Viana,CRAZY 88
Master 1,Male,Purple,Medium-Heavy,2,Timothy Eston Carrico,BJJ REVOLUTION TEAM
Master 1,Male,Purple,Medium-Heavy,3,Fabio Bravo,UNIFIED JIU JITSU
Master 1,Male,Purple,Medium-Heavy,3,Thales Leonel Rocha Jacobsen,WESLEY SANTOS TEAM
Master 1,Male,Purple,Heavy,1,Luke Elders,CAVALO TEAM
Master 1,Male,Purple,Heavy,2,James Alan Wood,SAS TEAM USA
Master 1,Male,Purple,Heavy,3,Daniel Branch,GRACIE RALEIGH
Master 1,Male,Purple,Heavy,3,Derek Alan Young,NOVA UNIÃO
Master 1,Male,Purple,Super-Heavy,1,Josh Ihnen,RODRIGO VAGHI BJJ
Master 1,Male,Purple,Super-Heavy,2,Corey Phelps,BETA ACADEMY
Master 1,Male,Purple,Super-Heavy,3,Alexandre Augusto Ornellas Monteiro,PS PHOENIX BJJ
Master 1,Male,Purple,Super-Heavy,3,CHRISTOPHER GALLIHER,TEAM LLOYD IRVIN
Master 1,Male,Purple,Ultra-Heavy,1,Ehsan Sam Rajabi,GRACIE BARRA
Master 1,Male,Purple,Ultra-Heavy,2,Leonard Miller,KINGS JIU-JITSU
Master 1,Male,Purple,Ultra-Heavy,3,Helder Henrique de Melo Cordeiro,SAS TEAM
Master 1,Male,Purple,Ultra-Heavy,3,Styvens Belloge,BIG BROTHERS
Master 1,Male,Purple,Open Class,1,Ehsan Sam Rajabi,GRACIE BARRA
Master 1,Male,Purple,Open Class,2,Helder Henrique de Melo Cordeiro,SAS TEAM
Master 1,Male,Purple,Open Class,3,Alexandre Augusto Ornellas Monteiro,PS PHOENIX BJJ
Master 1,Male,Purple,Open Class,3,Piter Taube,SOUL FIGHTERS BJJ
Master 1,Female,Purple,Rooster,1,Brenda Diane Dang,ARES BJJ
Master 1,Female,Purple,Rooster,2,Marina Bocciarelli,TETRIS
Master 1,Female,Purple,Rooster,3,Alyssa Wang,SMASH GYMS
Master 1,Female,Purple,Rooster,3,Marcella Alvarega Bastos,SOUL FIGHTERS BJJ
Master 1,Female,Purple,Light-Feather,1,Karoline Mota Braga,GRACIE HUMAITA
Master 1,Female,Purple,Light-Feather,2,Brianna Matsuura,SORIANO JIU-JITSU ACADEMY
Master 1,Female,Purple,Light-Feather,3,Mitomo Moriwaki,CARPE DIEM
Master 1,Female,Purple,Light-Feather,3,Yuki Jung,ARES BJJ
Master 1,Female,Purple,Feather,1,Alyssa Krahn,BRASA CTA
Master 1,Female,Purple,Feather,2,Ashley Tonya Baker,GRACIE HUMAITA
Master 1,Female,Purple,Feather,3,Karla Shellhammer,SOUL FIGHTERS BJJ
Master 1,Female,Purple,Feather,3,Tessa Neely,RIBEIRO JIU-JITSU
Master 1,Female,Purple,Light,1,Melinda Hertig,GF TEAM
Master 1,Female,Purple,Light,2,Adinda Jansen,TRI-FORCE BELGIUM EXIT TEAM
Master 1,Female,Purple,Light,3,Gessica Rodrigues Fong Nien,CHECKMAT
Master 1,Female,Purple,Light,3,Rebecca Tomada,ARES BJJ
Master 1,Female,Purple,Middle,1,Lachasity Cloud,TRAVIS LUTTER BRAZILIAN JIU-JITSU
Master 1,Female,Purple,Middle,2,Molly Bowser,ALLIANCE
Master 1,Female,Purple,Middle,3,Mei Linn Park,ALLIANCE
Master 1,Female,Purple,Middle,3,Michelle Louise Bradley,GRACIE BARRA
Master 1,Female,Purple,Medium-Heavy,1,Danielle Baron,ALLIANCE
Master 1,Female,Purple,Medium-Heavy,2,Lunar Cristina Schiavini Nicodem,GRACIE HUMAITA
Master 1,Female,Purple,Medium-Heavy,3,Melissa Simms,RENATO TAVARES ASSOCIATION
Master 1,Female,Purple,Medium-Heavy,3,Senika Janay Winston,ARES BJJ
Master 1,Female,Purple,Heavy,1,Desirèe Favoreto,CHECKMAT
Master 1,Female,Purple,Heavy,2,Amber Lauren Smallridge,GF TEAM
Master 1,Female,Purple,Heavy,3,Molly Harding,UNIFIED JIU JITSU
Master 1,Female,Purple,Heavy,3,Rebecca Faris,MXT FIGHT ACADEMY
Master 1,Female,Purple,Super-Heavy,1,Alyssa Arn,TEAM JUCÃO
Master 1,Female,Purple,Super-Heavy,2,Shayne Dickson,ALLIANCE
Master 1,Female,Purple,Super-Heavy,3,Sarah Andrada,MAURICIO ALONSO BJJ
Master 1,Female,Purple,Super-Heavy,3,Sarah Foster,GF TEAM
Master 1,Female,Purple,Open Class,1,Desirèe Favoreto,CHECKMAT
Master 1,Female,Purple,Open Class,2,Michelle Louise Bradley,GRACIE BARRA
Master 1,Female,Purple,Open Class,3,Danielle Baron,ALLIANCE
Master 1,Female,Purple,Open Class,3,Molly Bowser,ALLIANCE
Master 1,Male,Brown,Rooster,1,Larry J Ruiz,COMBAT BASE
Master 1,Male,Brown,Rooster,2,Ryan Galvan,TRUJITSU - BAKERSFIELD
Master 1,Male,Brown,Rooster,3,Bruno Alves da Cruz Cardoso,ACADEMIA CEMILTON REIS
Master 1,Male,Brown,Rooster,3,Ruel Gojar,JIU-JITSU FOUNDATION
Master 1,Male,Brown,Light-Feather,1,Chad Hawkins,RODRIGO VAGHI BJJ
Master 1,Male,Brown,Light-Feather,2,Félix Richard Chan-ou-teung,CHECKMAT
Master 1,Male,Brown,Light-Feather,3,Lucas Chaves Silva,GRACIE BARRA
Master 1,Male,Brown,Light-Feather,3,Ryan Mohr,ATOS JJ USA
Master 1,Male,Brown,Feather,1,Patrick Charles Hamilton III,CARLSON GRACIE TEAM
Master 1,Male,Brown,Feather,2,Antonio Smith,JIU-JITSU FOR LIFE TEAM
Master 1,Male,Brown,Feather,3,Kevin Wheeler,CICERO COSTHA INTERNACIONAL
Master 1,Male,Brown,Feather,3,Max Pascale,NOVA UNIÃO
Master 1,Male,Brown,Light,1,Ben Annunziato,TRAVIS LUTTER BRAZILIAN JIU-JITSU
Master 1,Male,Brown,Light,2,christian feliciano,CHECKMAT
Master 1,Male,Brown,Light,3,Alexander Charles Yablong,GRACIE ELITE TEAM
Master 1,Male,Brown,Light,3,Ethan Joseph Baumann,PEDRO SAUER TEAM
Master 1,Male,Brown,Middle,1,SEBASTIAN BENITO SANTOS KUNZE,MATHIAS RIBEIRO TEAM
Master 1,Male,Brown,Middle,2,Zimitro Perez,GRACIE HUMAITA
Master 1,Male,Brown,Middle,3,David Mitchell,ONE WORLD JIU JITSU ACADEMY
Master 1,Male,Brown,Middle,3,Logan James Bruneau,GF TEAM
Master 1,Male,Brown,Medium-Heavy,1,Said Dunkaev,CHECKMAT
Master 1,Male,Brown,Medium-Heavy,2,Elioenai de Abreu Campos,TONY PASSOS JIU-JITSU
Master 1,Male,Brown,Medium-Heavy,3,Cameron Gilliam,GF TEAM
Master 1,Male,Brown,Medium-Heavy,3,Lawrence Vincent Carara,BRAZILIAN TOP TEAM
Master 1,Male,Brown,Heavy,1,Filipe Luiz dos Reis Carmona,GRACIE BARRA
Master 1,Male,Brown,Heavy,2,Diego Terto Martins,KMR BJJ KIMURA
Master 1,Male,Brown,Heavy,3,James Spaulding,TEAM ROBSON MOURA
Master 1,Male,Brown,Heavy,3,Nathan Inman,FIGHT SPORTS
Master 1,Male,Brown,Super-Heavy,1,Maitere Taihia,ATOS JIU-JITSU
Master 1,Male,Brown,Super-Heavy,2,Hoanui Johann Vanaa,ATOS JIU-JITSU
Master 1,Male,Brown,Super-Heavy,3,Dinko Bektic,BJJ REVOLUTION TEAM
Master 1,Male,Brown,Super-Heavy,3,Michael Anthony Joshua,ATOS JJ USA
Master 1,Male,Brown,Ultra-Heavy,1,Michael David Kent,CARLSON GRACIE TEAM
Master 1,Male,Brown,Ultra-Heavy,2,David Douillette,CHECKMAT
Master 1,Male,Brown,Ultra-Heavy,3,Dallas Jay Niles,RIBEIRO JIU-JITSU
Master 1,Male,Brown,Ultra-Heavy,3,Logan Charles Gulick,TEAM RUBAO CARIOCA BJJ
Master 1,Male,Brown,Open Class,1,Said Dunkaev,CHECKMAT
Master 1,Male,Brown,Open Class,2,Diego Terto Martins,KMR BJJ KIMURA
Master 1,Male,Brown,Open Class,3,Hoanui Johann Vanaa,ATOS JIU-JITSU
Master 1,Male,Brown,Open Class,3,Maitere Taihia,ATOS JIU-JITSU
Master 1,Female,Brown,Rooster,1,Jonalyn Rose Aguas Romualdez,ARES BJJ
Master 1,Female,Brown,Rooster,2,Isabelle Demers,BRAZILIAN TOP TEAM
Master 1,Female,Brown,Rooster,3,Jennifer Martinez,CHECKMAT
Master 1,Female,Brown,Light-Feather,1,Raquel Torres,WAY OF THE WARRIOR BJJ ACADEMY
Master 1,Female,Brown,Light-Feather,2,Adrienne Einikis,CARLSON GRACIE TEAM
Master 1,Female,Brown,Light-Feather,3,Maria Aisa Ratcliff,RIBEIRO JIU-JITSU
Master 1,Female,Brown,Light-Feather,3,Simone Lee,CARLSON GRACIE TEAM
Master 1,Female,Brown,Feather,1,Georgina Contel Gallego,ATOS JIU-JITSU
Master 1,Female,Brown,Feather,2,Trang Mai Pham,WAY OF THE WARRIOR BJJ ACADEMY
Master 1,Female,Brown,Feather,3,Desiree Jane Sabo,NOVA UNIÃO
Master 1,Female,Brown,Feather,3,Melissa Templeman,RALPH GRACIE JIU-JITSU BERKELEY
Master 1,Female,Brown,Light,1,Lisa Bernau,CARLSON GRACIE TEAM
Master 1,Female,Brown,Light,2,Laurie Anne Porsch,PARAGON BJJ ACADEMY
Master 1,Female,Brown,Light,3,Erin Nicole Lutter,TRAVIS LUTTER BRAZILIAN JIU-JITSU
Master 1,Female,Brown,Light,3,Jamie Nicole Hunt,CHECKMAT
Master 1,Female,Brown,Middle,1,Margherita Montes,MILANIMAL
Master 1,Female,Brown,Middle,2,Jessica Adams,NOVA UNIÃO
Master 1,Female,Brown,Middle,3,Brittany Senter,YAMASAKI ACADEMY
Master 1,Female,Brown,Middle,3,Jessica Jasper,BRASA CTA
Master 1,Female,Brown,Medium-Heavy,1,Sarah L Draht,PACIFIC TOP TEAM
Master 1,Female,Brown,Medium-Heavy,2,Emily C. McGivern,BURLINGTON BJJ
Master 1,Female,Brown,Medium-Heavy,3,Rafaela Haluche Schmitz,GRACIE BARRA
Master 1,Female,Brown,Medium-Heavy,3,Sarah Caroline Scarr,JIU-JITSU FOR LIFE TEAM
Master 1,Female,Brown,Heavy,1,Michelle Welti,BIG BROTHERS
Master 1,Female,Brown,Heavy,2,Veronica E. Galindo,CARLSON GRACIE TEAM
Master 1,Female,Brown,Heavy,3,Christy M. Van Gerwen,GRACIE BARRA
Master 1,Female,Brown,Heavy,3,Emily Norris,GRACIE BARRA
Master 1,Female,Brown,Super-Heavy,1,Mayara Monteiro Custódio,CHECKMAT
Master 1,Female,Brown,Super-Heavy,2,Shantelle Thompson,WILL - MACHADO
Master 1,Female,Brown,Open Class,1,Mayara Monteiro Custódio,CHECKMAT
Master 1,Female,Brown,Open Class,2,Sarah L Draht,PACIFIC TOP TEAM
Master 1,Female,Brown,Open Class,3,Desiree Jane Sabo,NOVA UNIÃO
Master 1,Female,Brown,Open Class,3,Emily C. McGivern,BURLINGTON BJJ
Master 1,Male,Black,Rooster,1,Washington Luis do M. Lima,GF TEAM
Master 1,Male,Black,Rooster,2,Justin Masaichi Ordinario,LEAD BJJ
Master 1,Male,Black,Rooster,3,Juan Lopes da Silva,CARLSON GRACIE TEAM
Master 1,Male,Black,Rooster,3,Taylor Monroe McCorriston,FIGHT SPORTS
Master 1,Male,Black,Light-Feather,1,Gabriel Afonso dos Santos Moraes,ALLIANCE
Master 1,Male,Black,Light-Feather,2,Rene Eduardo Lopez,BRASA CTA
Master 1,Male,Black,Light-Feather,3,Milton Carlos Bastos P. do Nascimento,ARES BJJ
Master 1,Male,Black,Light-Feather,3,Timothy Earl Mendoza,GRACIE HUMAITA
Master 1,Male,Black,Feather,1,José Tiago da Silva Barros,CICERO COSTHA INTERNACIONAL
Master 1,Male,Black,Feather,2,Osvaldo Augusto Honorio Moizinho,ARES BJJ
Master 1,Male,Black,Feather,3,Fabbio Passos de Alencar,ALLIANCE
Master 1,Male,Black,Feather,3,Kim Terra,BRASA CTA
Master 1,Male,Black,Light,1,Breno Henrique Abreu Bittencourt,GRACIE FIGHTER
Master 1,Male,Black,Light,2,Piter Frank Almeida Silva,ALLIANCE INTERNATIONAL
Master 1,Male,Black,Light,3,Dainis Nguyen-Huu,JIU-JITSU FOR LIFE TEAM
Master 1,Male,Black,Light,3,Pedro Fernandes Farias,CHECKMAT
Master 1,Male,Black,Middle,1,Vitor Henrique Silva Oliveira,GF TEAM
Master 1,Male,Black,Middle,2,Gabriel Procópio da Fonseca,BRAZILIAN TOP TEAM
Master 1,Male,Black,Middle,3,Clark Rouson Gracie,GRACIE ALLEGIANCE
Master 1,Male,Black,Middle,3,Marcelo França Mafra,CHECKMAT
Master 1,Male,Black,Medium-Heavy,1,Marcos Vinícius da Silva Tinoco,ALLIANCE
Master 1,Male,Black,Medium-Heavy,2,Sergio Raimundo Rios da Silva,BRASA CTA
Master 1,Male,Black,Medium-Heavy,3,Henrique Russi Felix de Lima,CHECKMAT
Master 1,Male,Black,Medium-Heavy,3,Luca Anacoreta,AETERNA JIU JITSU
Master 1,Male,Black,Heavy,1,Nick Schrock,RIBEIRO JIU-JITSU
Master 1,Male,Black,Heavy,2,Abraao Amorim Magalhaes,CHECKMAT
Master 1,Male,Black,Heavy,3,Denis Felipe Fumagali Da Silva,TEAM MARCOS CUNHA
Master 1,Male,Black,Heavy,3,Diogo Silveira do Nascimento,NS BROTHERHOOD
Master 1,Male,Black,Super-Heavy,1,Igor Silva,GF TEAM
Master 1,Male,Black,Super-Heavy,2,Guybson Costa e Sá,SAS TEAM
Master 1,Male,Black,Super-Heavy,3,Eliot Andrew Kelly,YEMASO BRAZILIAN JIU-JITSU
Master 1,Male,Black,Super-Heavy,3,Vitor Moscon Schlosser,SCHLOSSER BJJ
Master 1,Male,Black,Ultra-Heavy,1,Gustavo Dias Elias,RIBEIRO JIU-JITSU
Master 1,Male,Black,Ultra-Heavy,2,Marcelo Florêncio Nunes,ZENITH BJJ - LAS VEGAS
Master 1,Male,Black,Ultra-Heavy,3,Alex Aparecido Soares,NS BROTHERHOOD
Master 1,Male,Black,Ultra-Heavy,3,Kaliffa Gonçalves Oliveira,GRACIE BARRA
Master 1,Male,Black,Open Class,1,Gustavo Dias Elias,RIBEIRO JIU-JITSU
Master 1,Male,Black,Open Class,2,Henrique Russi Felix de Lima,CHECKMAT
Master 1,Male,Black,Open Class,3,Eliot Andrew Kelly,YEMASO BRAZILIAN JIU-JITSU
Master 1,Male,Black,Open Class,3,Sergio Raimundo Rios da Silva,BRASA CTA
Master 1,Female,Black,Light-Feather,1,Kristina Sofia Puruganan Barlaan,BRASA CTA
Master 1,Female,Black,Light-Feather,2,Rita Lynne Gribben,GRACIE HUMAITA
Master 1,Female,Black,Light-Feather,3,Linda Lindström,DYNAMIX FIGHTING SPORTS
Master 1,Female,Black,Light-Feather,3,Tasawan Casey,RIBEIRO JIU-JITSU
Master 1,Female,Black,Feather,1,Karen Deisy Antunes Girotto Borges,CHECKMAT
Master 1,Female,Black,Feather,2,Heather H. Raftery,ATOS JIU-JITSU
Master 1,Female,Black,Feather,3,Elsa Sery-Dromart,GRACIE BARRA
Master 1,Female,Black,Feather,3,Mylene Ramos Manalo,CASCAO JIU-JITSU
Master 1,Female,Black,Light,1,Nicole Sullivan,ATOS JIU-JITSU
Master 1,Female,Black,Light,2,Tracey Robin Goodell,CAVEIRINHA JIU-JITSU FAMILY USA
Master 1,Female,Black,Light,3,Elizabeth Jane Exell,VILANOVA BRAZILIAN JIU-JITSU
Master 1,Female,Black,Light,3,Fabiana Alves Borges,GRACIE BARRA
Master 1,Female,Black,Middle,1,Chelsah Lyons,ALLIANCE
Master 1,Female,Black,Middle,2,Amanda Loewen,SBG INTERNATIONAL (SBGI)
Master 1,Female,Black,Middle,3,Anna Sophia Maria Nordenö,BJJ REVOLUTION TEAM
Master 1,Female,Black,Middle,3,Pamela Boveda,FIGHT SPORTS INTERNATIONAL
Master 1,Female,Black,Medium-Heavy,1,Claudia Fernanda Onofre Valim Doval,DE LA RIVA JJ
Master 1,Female,Black,Medium-Heavy,2,Olga Lyashevska,CARLSON GRACIE TEAM
Master 1,Female,Black,Medium-Heavy,3,Mariana Magalhães,OTÁVIO DE ALMEIDA
Master 1,Female,Black,Medium-Heavy,3,Ursula Valverde Pinto,DEMETRIO TEAM
Master 1,Female,Black,Super-Heavy,1,Fabiana Pereira Santos,ZENITH BJJ
Master 1,Female,Black,Super-Heavy,2,Talita Andrea Nogueira,NS BROTHERHOOD
Master 1,Female,Black,Open Class,1,Talita Andrea Nogueira,NS BROTHERHOOD
Master 1,Female,Black,Open Class,2,Fabiana Alves Borges,GRACIE BARRA
Master 1,Female,Black,Open Class,3,Fabiana Pereira Santos,ZENITH BJJ
Master 1,Female,Black,Open Class,3,Pamela Boveda,FIGHT SPORTS INTERNATIONAL
Master 2,Male,Blue,Rooster,1,Shuhei Akeo,CHECKMAT
Master 2,Male,Blue,Rooster,2,Jason Robinson,INDIANA BRAZILIAN JIU-JITSU ACADEMY
Master 2,Male,Blue,Rooster,3,Arnold C Moreno,ONE JIU-JITSU USA
Master 2,Male,Blue,Light-Feather,1,Christopher J Parker,YAMASAKI ACADEMY
Master 2,Male,Blue,Light-Feather,2,Helio Emanuel Da Corte Fernandes,CHECKMAT
Master 2,Male,Blue,Light-Feather,3,Júlio César dos Santos,DEMIAN MAIA JIU-JITSU
Master 2,Male,Blue,Light-Feather,3,Kasim Pivano,CHECKMAT
Master 2,Male,Blue,Feather,1,Sean Voeller,SMA JIU-JITSU
Master 2,Male,Blue,Feather,2,Adriano Victor Lopes Da Silva,ZR TEAM ASSOCIATION
Master 2,Male,Blue,Feather,3,Robert L McGruder,GRACIE BARRA
Master 2,Male,Blue,Feather,3,Victor Edward Cantu,GRACIE BARRA
Master 2,Male,Blue,Light,1,Alexander Benikov,NOVA UNIÃO
Master 2,Male,Blue,Light,2,Kenneth Kosza,AMERICAN TOP TEAM
Master 2,Male,Blue,Light,3,Alexander Chaprak,ALLIANCE
Master 2,Male,Blue,Light,3,Jason Paul Nann,SOUL FIGHTERS BJJ
Master 2,Male,Blue,Middle,1,Aaron Smith,GF TEAM
Master 2,Male,Blue,Middle,2,Greg Francis Llewellyn,ROYAL MARINES BJJ ASSOCIATION
Master 2,Male,Blue,Middle,3,Christopher Wagner,WAZA BRAZILIAN JIU JITSU
Master 2,Male,Blue,Middle,3,Ruben Baraiac,CASCAO JIU-JITSU
Master 2,Male,Blue,Medium-Heavy,1,Joseph Clay Forsman,LEAD BJJ
Master 2,Male,Blue,Medium-Heavy,2,Marcelino Garza,RIBEIRO JIU-JITSU INTERNATIONAL
Master 2,Male,Blue,Medium-Heavy,3,Dorival Chaves de Melo,GRACIE HUMAITA
Master 2,Male,Blue,Medium-Heavy,3,Zachary Lundberg,PEDRO SAUER TEAM
Master 2,Male,Blue,Heavy,1,Nathaniel Edwards,SOUL FIGHTERS BJJ
Master 2,Male,Blue,Heavy,2,Sean Patrick Moyer,CARLSON GRACIE TEAM
Master 2,Male,Blue,Heavy,3,Davon Raymon Copeland,PRIMAL TRAINING CENTER
Master 2,Male,Blue,Heavy,3,Derek Creary,R1NG BJJ
Master 2,Male,Blue,Super-Heavy,1,Luis A. Salomon,FIGHT CLUB
Master 2,Male,Blue,Super-Heavy,2,Cyril Jeffrey Smith Jr.,LEAD BJJ
Master 2,Male,Blue,Super-Heavy,3,Andrew Christopher Kimball,TEAM ROBSON MOURA
Master 2,Male,Blue,Super-Heavy,3,Jeremy Brick,RENATO TAVARES ASSOCIATION
Master 2,Male,Blue,Ultra-Heavy,1,Wellington Garcia,ZENITH BJJ
Master 2,Male,Blue,Ultra-Heavy,2,Everett Vaccaro,EAST COAST UNITED BJJ
Master 2,Male,Blue,Ultra-Heavy,3,Benjamin Nicholas Baker,TAC TEAM BJJ
Master 2,Male,Blue,Ultra-Heavy,3,Ruben Lawrence,CARLSON GRACIE TEAM
Master 2,Male,Blue,Open Class,1,Wellington Garcia,ZENITH BJJ
Master 2,Male,Blue,Open Class,2,Marcelino Garza,RIBEIRO JIU-JITSU INTERNATIONAL
Master 2,Male,Blue,Open Class,3,Dorival Chaves de Melo,GRACIE HUMAITA
Master 2,Male,Blue,Open Class,3,Jeremy Brick,RENATO TAVARES ASSOCIATION
Master 2,Female,Blue,Rooster,1,Wendy Christina Mukai,CLEBER JIU JITSU
Master 2,Female,Blue,Rooster,2,Irina Chabaza,BLACK HELMET IRELAND
Master 2,Female,Blue,Rooster,3,Evonne Kaminaga,SANDRO BATATA BRAZILIAN JIU-JITSU
Master 2,Female,Blue,Rooster,3,Shadia Adham,GRACIE BARRA
Master 2,Female,Blue,Light-Feather,1,Maria Ng,SOUL FIGHTERS BJJ
Master 2,Female,Blue,Light-Feather,2,Ariana Chandra,RALPH GRACIE
Master 2,Female,Blue,Light-Feather,3,Amanda Nicole Dickson,JIU-JITSU FOUNDATION
Master 2,Female,Blue,Light-Feather,3,Natasha Ranasinghe,ARASHIRO TEAM
Master 2,Female,Blue,Feather,1,Amanda Henke,RODRIGO VAGHI BJJ
Master 2,Female,Blue,Feather,2,Telma Stanciu,CRAZY TEAM
Master 2,Female,Blue,Feather,3,Erin Millard,ATOS JIU-JITSU
Master 2,Female,Blue,Feather,3,Jelsilene Soares De Goes Monteiro,GF TEAM
Master 2,Female,Blue,Light,1,Felicia Ann Sterling,GF TEAM
Master 2,Female,Blue,Light,2,Katiuscia Aparecida do Nascimento Dozzo,MAROMBA ACADEMIA
Master 2,Female,Blue,Light,3,Reina D. Pineda,UNDISPUTED TUCSON
Master 2,Female,Blue,Light,3,Suzanne Grubb,TEAM LINK
Master 2,Female,Blue,Middle,1,Emma McEvoy,WILL - MACHADO
Master 2,Female,Blue,Middle,2,Asti Alexandria,GRACIE ELITE TEAM
Master 2,Female,Blue,Middle,3,Amy Noel Benedetti,T3MA
Master 2,Female,Blue,Middle,3,Raquel Andrade,BRAZILIAN TOP TEAM
Master 2,Female,Blue,Medium-Heavy,1,Casidy Marie Welch,GRACIE BARRA
Master 2,Female,Blue,Medium-Heavy,2,Olivia Prendergast,SBG SWORDS
Master 2,Female,Blue,Medium-Heavy,3,Jenn Wolstenholme,HARRIS INTERNATIONAL TEAM
Master 2,Female,Blue,Medium-Heavy,3,Jessica Ng,LEGACY
Master 2,Female,Blue,Heavy,1,Patricia Rodrigues de Souza,RIBEIRO JIU-JITSU
Master 2,Female,Blue,Heavy,2,Brooke Danielle Music,CHECKMAT
Master 2,Female,Blue,Heavy,3,Angela Lenz,BJJ GLOBETROTTERS USA
Master 2,Female,Blue,Heavy,3,Freida Speicher,JEAN JACQUES MACHADO BJJ
Master 2,Female,Blue,Super-Heavy,1,Brittany Layne Borders,DARK HORSE JIU-JITSU
Master 2,Female,Blue,Super-Heavy,2,Alia Victoria Garcia-Valadez,BRAZILIAN TOP TEAM
Master 2,Female,Blue,Super-Heavy,3,Kelly Dale,BRASA CTA
Master 2,Female,Blue,Super-Heavy,3,Lauren Elizabeth Krahn,BRASA CTA
Master 2,Female,Blue,Open Class,1,Patricia Rodrigues de Souza,RIBEIRO JIU-JITSU
Master 2,Female,Blue,Open Class,2,Brooke Danielle Music,CHECKMAT
Master 2,Female,Blue,Open Class,3,Asti Alexandria,GRACIE ELITE TEAM
Master 2,Female,Blue,Open Class,3,Brittany Layne Borders,DARK HORSE JIU-JITSU
Master 2,Male,Purple,Rooster,1,Darin Millard,ATOS JIU-JITSU
Master 2,Male,Purple,Rooster,2,Richard Delacruz I I I,RIBEIRO JIU-JITSU
Master 2,Male,Purple,Rooster,3,xin Wang,BRASA CTA
Master 2,Male,Purple,Light-Feather,1,Tim Setala,UFC GYM
Master 2,Male,Purple,Light-Feather,2,Crystian da Cunha,TEAM MARCOS CUNHA
Master 2,Male,Purple,Light-Feather,3,George Habuki,GRACIE BARRA
Master 2,Male,Purple,Light-Feather,3,Thomas Wortman,BUCKHEAD JIU-JITSU
Master 2,Male,Purple,Feather,1,Jonathan Miller,ALLIANCE INTERNATIONAL
Master 2,Male,Purple,Feather,2,Bryce Lighthall,ALLIANCE INTERNATIONAL
Master 2,Male,Purple,Feather,3,Efraim Zeferino,GRACIE BARRA
Master 2,Male,Purple,Feather,3,Zak Edwards,SAS TEAM USA
Master 2,Male,Purple,Light,1,Jose Coronado,UNDISPUTED TUCSON
Master 2,Male,Purple,Light,2,Eduardo Cordeiro Cruz,GRACIE BARRA
Master 2,Male,Purple,Light,3,Clinton Davies,TUKAHA BRAZILIAN JIU JITSU
Master 2,Male,Purple,Light,3,Matthew Morin,WISCONSIN 360 JIU-JITSU
Master 2,Male,Purple,Middle,1,Ryan Lipscomb,MARACABA BJJ
Master 2,Male,Purple,Middle,2,Charles Eric Schultz,RIBEIRO JIU-JITSU INTERNATIONAL
Master 2,Male,Purple,Middle,3,Byron James Pogue,NOLA BRAZILIAN JIU-JITSU
Master 2,Male,Purple,Middle,3,David Tobias Kinsella,ATOS JIU-JITSU
Master 2,Male,Purple,Medium-Heavy,1,Frank Richmond,YEMASO BRAZILIAN JIU-JITSU
Master 2,Male,Purple,Medium-Heavy,2,Leonardo Correa,AUSTRALIA ASBJJ
Master 2,Male,Purple,Medium-Heavy,3,Michael Mutter,CARLSON GRACIE TEAM
Master 2,Male,Purple,Medium-Heavy,3,Sky Shayne Stettner,CARLSON GRACIE TEAM
Master 2,Male,Purple,Heavy,1,Christopher Deal,GRACIE HUMAITA
Master 2,Male,Purple,Heavy,2,Michael Martin,MARACABA BJJ
Master 2,Male,Purple,Heavy,3,Diego Pelosi,GRACIE HUMAITA
Master 2,Male,Purple,Heavy,3,Tony Fethke,FAMA BJJ
Master 2,Male,Purple,Super-Heavy,1,Christopher Wisniewski,CASCAO JIU-JITSU
Master 2,Male,Purple,Super-Heavy,2,leon paul hinds,BRITISH ARMY BJJ
Master 2,Male,Purple,Super-Heavy,3,John Johnson,TEAM LLOYD IRVIN
Master 2,Male,Purple,Super-Heavy,3,Marcus Surratt,LEAD BJJ
Master 2,Male,Purple,Ultra-Heavy,1,Jonathan Rogosich,TEAM REDZOVIC
Master 2,Male,Purple,Ultra-Heavy,2,Matthew Troy Pehrson,GRACIE HUMAITA
Master 2,Male,Purple,Ultra-Heavy,3,Michael Kimsey,BRASA CTA
Master 2,Male,Purple,Ultra-Heavy,3,Vitalij Draciov,CHECKMAT
Master 2,Male,Purple,Open Class,1,leon paul hinds,BRITISH ARMY BJJ
Master 2,Male,Purple,Open Class,2,Leonardo Correa,AUSTRALIA ASBJJ
Master 2,Male,Purple,Open Class,3,Christopher Deal,GRACIE HUMAITA
Master 2,Male,Purple,Open Class,3,Diego Pelosi,GRACIE HUMAITA
Master 2,Female,Purple,Rooster,1,Fiona Ko,ATOS JIU-JITSU
Master 2,Female,Purple,Rooster,2,Colleen D Hennigan,FENIX BJJ WOBURN
Master 2,Female,Purple,Light-Feather,1,Adelita McGrath,CARLSON GRACIE TEAM
Master 2,Female,Purple,Light-Feather,2,Danielle Walters,HONOR ROLL BJJ
Master 2,Female,Purple,Light-Feather,3,Alvina Lim,EVOLVE MMA
Master 2,Female,Purple,Light-Feather,3,Olivia Sawi,ARES BJJ
Master 2,Female,Purple,Feather,1,Brianne Corral,BJJ COACH - CORRAL'S MARTIAL ARTS
Master 2,Female,Purple,Feather,2,Yasisca Pujols,LEAD BJJ
Master 2,Female,Purple,Feather,3,Carla Maia,FIGHT UNIVERSITY
Master 2,Female,Purple,Feather,3,Stephanie Linkus,RIBEIRO JIU-JITSU
Master 2,Female,Purple,Light,1,Elizabeth Clark,ATOS JIU-JITSU
Master 2,Female,Purple,Light,2,Darcie Omori,RIBEIRO JIU-JITSU
Master 2,Female,Purple,Light,3,Andréa Pires de Assunção,EQUIPE JUQUINHA
Master 2,Female,Purple,Light,3,Ruth Shi-Lei Hwu,BUCKHEAD JIU-JITSU
Master 2,Female,Purple,Middle,1,Dana Arthur,GRACIE HUMAITA
Master 2,Female,Purple,Middle,2,Nathalie Kaplan,RALPH GRACIE
Master 2,Female,Purple,Middle,3,Maria B Zamora,GRACIE TAMPA SOUTH
Master 2,Female,Purple,Middle,3,Meghan Lee Gerson,BRASA CTA
Master 2,Female,Purple,Medium-Heavy,1,Michella Almeida,ALLIANCE
Master 2,Female,Purple,Medium-Heavy,2,Christine Fader,ALLIANCE
Master 2,Female,Purple,Medium-Heavy,3,Sharifa Giselle Hunter,GRACIE ELITE TEAM
Master 2,Female,Purple,Medium-Heavy,3,Stephanie Ozment,LCCT USA
Master 2,Female,Purple,Heavy,1,Maria Emma Martinez,GF TEAM
Master 2,Female,Purple,Heavy,2,Genevieve Leitu Pini,TUKAHA BRAZILIAN JIU JITSU
Master 2,Female,Purple,Heavy,3,Evelyn Tadlock,ALLIANCE
Master 2,Female,Purple,Heavy,3,Suzanne Beall,MIKE MOSES' COMPETITION TEAM
Master 2,Female,Purple,Super-Heavy,1,Marina Neubuss,GRACIE BARRA
Master 2,Female,Purple,Super-Heavy,2,Kristina Freeman,N.W. JIU-JITSU ACADEMY - MAPLE RIDGE
Master 2,Female,Purple,Super-Heavy,3,Amanda Kemling,GRACIE HUMAITA
Master 2,Female,Purple,Super-Heavy,3,Seini Iwalani Draughn,CHECKMAT
Master 2,Female,Purple,Open Class,1,Christine Fader,ALLIANCE
Master 2,Female,Purple,Open Class,2,Michella Almeida,ALLIANCE
Master 2,Female,Purple,Open Class,3,Ruth Shi-Lei Hwu,BUCKHEAD JIU-JITSU
Master 2,Female,Purple,Open Class,3,Stephanie Linkus,RIBEIRO JIU-JITSU
Master 2,Male,Brown,Rooster,1,Nick Broz,TAC TEAM BJJ
Master 2,Male,Brown,Rooster,2,Vu Luong,BJJ REVOLUTION TEAM
Master 2,Male,Brown,Rooster,3,C. Michael Duncan,ALLIANCE
Master 2,Male,Brown,Light-Feather,1,Eddie Chou,GRACIE ELITE TEAM
Master 2,Male,Brown,Light-Feather,2,David J Viera,BARET SUBMISSIONS USA
Master 2,Male,Brown,Light-Feather,3,Joseph Taylor,BRASA CTA
Master 2,Male,Brown,Light-Feather,3,Juan M. Cruz,ICON JIU-JITSU TEAM
Master 2,Male,Brown,Feather,1,Spencer Ling,ALLIANCE
Master 2,Male,Brown,Feather,2,Daniel Phoenix,MASSACHUSETTS BRAZILIAN JIU JITSU
Master 2,Male,Brown,Feather,3,Javier Orona,FIGHT SPORTS
Master 2,Male,Brown,Feather,3,Santiago Amaral,GRACIE ALLEGIANCE
Master 2,Male,Brown,Light,1,Willian Lemes,GRACIE ELITE TEAM
Master 2,Male,Brown,Light,2,Lucas Ribeiro Borges,TEAM ROBSON MOURA
Master 2,Male,Brown,Light,3,Matthew Zamora,"TEAM ROYCE GRACIE, WASHINGTON"
Master 2,Male,Brown,Light,3,Wing Chau Cheung,STEALTH BJJ
Master 2,Male,Brown,Middle,1,Anilson Claudino,CICERO COSTHA INTERNACIONAL
Master 2,Male,Brown,Middle,2,João Guilherme Almeida,GF TEAM
Master 2,Male,Brown,Middle,3,Daniel Godoy Queiroz,GRACIE HUMAITA
Master 2,Male,Brown,Middle,3,Jeremy Edwin DePrato,SOUL FIGHTERS BJJ
Master 2,Male,Brown,Medium-Heavy,1,Sean Patton,CHECKMAT
Master 2,Male,Brown,Medium-Heavy,2,Fabio Canela do Rosario Landulfo Alves,UNITY JIU-JITSU
Master 2,Male,Brown,Medium-Heavy,3,Paulo César Pereira Soares,BRAZILIAN POWER TEAM
Master 2,Male,Brown,Medium-Heavy,3,Richard Anthony Flores,YEMASO BRAZILIAN JIU-JITSU
Master 2,Male,Brown,Heavy,1,D.C. Drainage Hazen,WAY OF JIU-JITSU ACADEMY
Master 2,Male,Brown,Heavy,2,Mike Moreno,RIBEIRO JIU-JITSU
Master 2,Male,Brown,Heavy,3,Conrad Barrett,CARLSON GRACIE TEAM
Master 2,Male,Brown,Heavy,3,Francisco Ferreira Gomes Neto,GRACIE BARRA
Master 2,Male,Brown,Super-Heavy,1,Peter Kerantzas,TEAM LINK
Master 2,Male,Brown,Super-Heavy,2,Alessandro Cozac Tammaro de Vale,GRACIE BARRA
Master 2,Male,Brown,Super-Heavy,3,Azarias Castro,RIBEIRO JIU-JITSU
Master 2,Male,Brown,Super-Heavy,3,Jerod Huber,R1NG BJJ
Master 2,Male,Brown,Ultra-Heavy,1,Chris Roberson,BJJ REVOLUTION TEAM
Master 2,Male,Brown,Ultra-Heavy,2,Ken Cross,TEAM SHAWN HAMMONDS
Master 2,Male,Brown,Ultra-Heavy,3,Ednilson Machado Cidade,SCORPYON JIU-JITSU
Master 2,Male,Brown,Ultra-Heavy,3,Kyle Charles Koehly,RODRIGO VAGHI BJJ
Master 2,Male,Brown,Open Class,1,Ednilson Machado Cidade,SCORPYON JIU-JITSU
Master 2,Male,Brown,Open Class,2,Anilson Claudino,CICERO COSTHA INTERNACIONAL
Master 2,Male,Brown,Open Class,3,Lucas Ribeiro Borges,TEAM ROBSON MOURA
Master 2,Male,Brown,Open Class,3,Richard Anthony Flores,YEMASO BRAZILIAN JIU-JITSU
Master 2,Female,Brown,Light-Feather,1,Aline Paes Krisner,CHECKMAT
Master 2,Female,Brown,Light-Feather,2,Olivia Shand,CARLSON GRACIE TEAM
Master 2,Female,Brown,Light-Feather,3,Mallory Lovato,PARAGON BJJ ACADEMY
Master 2,Female,Brown,Light-Feather,3,Tegan Jayne Krarup,BARBOSA JIU-JITSU
Master 2,Female,Brown,Feather,1,Mariana Azevedo,GRACIE BARRA
Master 2,Female,Brown,Feather,2,Lennie Ann Alzate,BARET SUBMISSIONS USA
Master 2,Female,Brown,Feather,3,Georgina Staley,LEAD BJJ
Master 2,Female,Brown,Feather,3,Tien Le,RIBEIRO JIU-JITSU
Master 2,Female,Brown,Light,1,Roxanne Vincenta Modafferi,VINNY MAGALHAES BJJ
Master 2,Female,Brown,Light,2,Jessie Chen,RIBEIRO JIU-JITSU
Master 2,Female,Brown,Light,3,Amy Cadwell-Montenegro,GRACIE BARRA
Master 2,Female,Brown,Light,3,Heidi Renee Garwood,CARLSON GRACIE TEAM
Master 2,Female,Brown,Middle,1,Laura Ann Heiman Martins,PARAGON BJJ ACADEMY
Master 2,Female,Brown,Middle,2,Leah Buckley,HIGH NOON BJJ TEAM
Master 2,Female,Brown,Middle,3,Carly Rangel,ZENITH BJJ
Master 2,Female,Brown,Middle,3,Kristin Doeblin,GRACIE ELITE TEAM
Master 2,Female,Brown,Medium-Heavy,1,Jenna Hulsey,CLEBER JIU JITSU VISALIA
Master 2,Female,Brown,Medium-Heavy,2,Louise Sondlo,VIVA ZAPATA JIU JITSU
Master 2,Female,Brown,Medium-Heavy,3,Nicole Urschinger,ASSOCIATION ARANHA
Master 2,Female,Brown,Heavy,1,Sarah Gail Rice,CARY BRAZILIAN JIU-JITSU
Master 2,Female,Brown,Heavy,2,Gaby Espindola,ZR TEAM ASSOCIATION
Master 2,Female,Brown,Heavy,3,Christina Hanley,MARCO NASCIMENTO BJJ
Master 2,Female,Brown,Heavy,3,Kim Bowser,PACIFIC TOP TEAM CALIFORNIA
Master 2,Female,Brown,Super-Heavy,1,Beth Slavinskas,NEW ENGLAND UNITED BJJ
Master 2,Female,Brown,Super-Heavy,2,Magon Mair,GRACIE BARRA
Master 2,Female,Brown,Open Class,1,Sarah Gail Rice,CARY BRAZILIAN JIU-JITSU
Master 2,Female,Brown,Open Class,2,Jessie Chen,RIBEIRO JIU-JITSU
Master 2,Female,Brown,Open Class,3,Aline Paes Krisner,CHECKMAT
Master 2,Female,Brown,Open Class,3,Laura Ann Heiman Martins,PARAGON BJJ ACADEMY
Master 2,Male,Black,Rooster,1,Bruno Cesar Gomes da Silva Moreno,KMR BJJ KIMURA
Master 2,Male,Black,Rooster,2,Dustin M Ordinario,LEAD BJJ
Master 2,Male,Black,Rooster,3,Daniel Sigala,LEAD BJJ
Master 2,Male,Black,Rooster,3,Leandro Lopes Escobar,SOUL FIGHTERS BJJ
Master 2,Male,Black,Light-Feather,1,Lúcio Flavio Mattos de Oliveira,GF TEAM
Master 2,Male,Black,Light-Feather,2,Sergio Alexandre Lourenço Capella Junior,NOVA UNIÃO
Master 2,Male,Black,Light-Feather,3,Luis Felipe Ninja de Moraes Pinto,KRONOS BJJ
Master 2,Male,Black,Light-Feather,3,Wesclay F Sardinha,GRACIE HUMAITA
Master 2,Male,Black,Feather,1,Denilson de Carvalho Pimenta,GF TEAM
Master 2,Male,Black,Feather,2,Thiago Barbosa,JIU-JITSU FOR LIFE TEAM
Master 2,Male,Black,Feather,3,David Dimopoulos Said,ALLIANCE
Master 2,Male,Black,Feather,3,Jeysen Santiago dos Santos,GRACIE HUMAITA
Master 2,Male,Black,Light,1,Diego Bispo Conceição,ARES BJJ
Master 2,Male,Black,Light,2,Francisco Daniel Pires Tavares,SAS TEAM
Master 2,Male,Black,Light,3,Bruno Henrique Meireles Rocha,GRACIE BARRA
Master 2,Male,Black,Light,3,Marcos Alejandro Torregrosa,YEMASO BRAZILIAN JIU-JITSU
Master 2,Male,Black,Middle,1,Rafael Monteiro Barbosa,SOUL FIGHTERS BJJ
Master 2,Male,Black,Middle,2,Eduardo Cunha Bastos,NS BROTHERHOOD
Master 2,Male,Black,Middle,3,Denis Mitchel Batista Pinto,FIGHT SPORTS
Master 2,Male,Black,Middle,3,Rogerio Yoski Suto,IMPACTO JAPAN B.J.J.
Master 2,Male,Black,Medium-Heavy,1,Luis Carlos Marques Damasceno,LR EXTREME
Master 2,Male,Black,Medium-Heavy,2,Joshua Roy Hinger,ATOS JIU-JITSU
Master 2,Male,Black,Medium-Heavy,3,Alan Douglas Pereira do Nascimento,CHECKMAT
Master 2,Male,Black,Medium-Heavy,3,Daniel Lopes Rodrigues,JULIO SECCO
Master 2,Male,Black,Heavy,1,Roberto Camargo de Alencar,GRACIE BARRA
Master 2,Male,Black,Heavy,2,Vicente Gomes C. N. Cavalcanti,SOUTHSIDE BRAZILIAN JIU-JITSU
Master 2,Male,Black,Heavy,3,Gustavo Henrique Saraiva Adolfo,GF TEAM
Master 2,Male,Black,Heavy,3,Jonatas Novaes,PARAGON BJJ ACADEMY
Master 2,Male,Black,Super-Heavy,1,Felipe Perez Simão,GRACIE BARRA
Master 2,Male,Black,Super-Heavy,2,Fabiano Junior Leite de Souza,FF TEAM BJJ
Master 2,Male,Black,Super-Heavy,3,Arthur Cesar Sampaio Jacintho,GF TEAM
Master 2,Male,Black,Super-Heavy,3,Bruno Munduruca,GRACIE HUMAITA
Master 2,Male,Black,Ultra-Heavy,1,Gabriel Gonzaga Santos Nogueira,SQUARED BJJ
Master 2,Male,Black,Ultra-Heavy,2,Bruno Lopes Leandro,NS BROTHERHOOD
Master 2,Male,Black,Ultra-Heavy,3,Antonio Henriques Junior,GRACIE ELITE TEAM
Master 2,Male,Black,Ultra-Heavy,3,Bruno Bastos Cruz,LEAD BJJ
Master 2,Male,Black,Open Class,1,Rafael Monteiro Barbosa,SOUL FIGHTERS BJJ
Master 2,Male,Black,Open Class,2,Fabiano Junior Leite de Souza,FF TEAM BJJ
Master 2,Male,Black,Open Class,3,Daniel Lopes Rodrigues,JULIO SECCO
Master 2,Male,Black,Open Class,3,Gustavo Henrique Saraiva Adolfo,GF TEAM
Master 2,Female,Black,Rooster,1,Shiho Yaginuma,NEXUSENSE
Master 2,Female,Black,Rooster,2,Roya Sarwary,BODY OF FOUR
Master 2,Female,Black,Light-Feather,1,Sofia Rosa Amarante,FIGHT SPORTS
Master 2,Female,Black,Light-Feather,2,Lee Jingpei,EVOLVE MMA
Master 2,Female,Black,Light-Feather,3,Carla Franco,BARBOSA JIU-JITSU
Master 2,Female,Black,Feather,1,Laurence Cousin Fouillat,RIBEIRO JIU-JITSU
Master 2,Female,Black,Feather,2,Juliana Mendes Nogueira,BRAZILIAN TOP TEAM
Master 2,Female,Black,Feather,3,Lana Vy Hunter,A-FORCE BRAZILIAN JIU-JITSU
Master 2,Female,Black,Feather,3,Rachel Noelle Morrison,ZENITH BJJ
Master 2,Female,Black,Light,1,April Parks,RCJ MACHADO
Master 2,Female,Black,Light,2,Denise Macêdo de Almeida Campos,CHECKMAT
Master 2,Female,Black,Light,3,Kelley Rene Perotti,ATOS JIU-JITSU
Master 2,Female,Black,Light,3,Patricia Alvares Pacheco,MAROMBA ACADEMIA
Master 2,Female,Black,Middle,1,Sarah Johnel Black,NOVA UNIÃO
Master 2,Female,Black,Middle,2,Veronica Eugenia Mota,BJJ REVOLUTION TEAM
Master 2,Female,Black,Middle,3,Marcia Cristina Carvalho,GRACIE BARRA
Master 2,Female,Black,Middle,3,Marcia Sousa da Silva,DEMIAN MAIA JIU-JITSU
Master 2,Female,Black,Medium-Heavy,1,Victoria Hudson Boudreaux,BRASA CTA
Master 2,Female,Black,Medium-Heavy,2,Penny Thomas,GRACIE HUMAITA
Master 2,Female,Black,Medium-Heavy,3,Brea Ellwanger Da Silva,TEAM JUCÃO
Master 2,Female,Black,Medium-Heavy,3,Florencia Veronica Diez Bayer,NOVA UNIÃO
Master 2,Female,Black,Heavy,1,Leah Roseanne Taylor,SBG INTERNATIONAL (SBGI)
Master 2,Female,Black,Heavy,2,Teresa Nien Tsu Ho,CARLSON GRACIE TEAM
Master 2,Female,Black,Super-Heavy,1,Cherine Fons,ALLIANCE
Master 2,Female,Black,Super-Heavy,2,Niceli Gislaine Schwinden Guerino,GRACIE BARRA
Master 2,Female,Black,Open Class,1,Sarah Johnel Black,NOVA UNIÃO
Master 2,Female,Black,Open Class,2,Laurence Cousin Fouillat,RIBEIRO JIU-JITSU
Master 2,Female,Black,Open Class,3,Denise Macêdo de Almeida Campos,CHECKMAT
Master 2,Female,Black,Open Class,3,Rachel Noelle Morrison,ZENITH BJJ
Master 3,Male,Blue,Light-Feather,1,Shaun Richmond,CARLSON GRACIE TEAM
Master 3,Male,Blue,Light-Feather,2,Jeremy Elkin,TAC TEAM BJJ
Master 3,Male,Blue,Light-Feather,3,Miguel M Gonzalez,UFC GYM
Master 3,Male,Blue,Light-Feather,3,Ubiratan Lionete da Silva,KINGS JIU-JITSU
Master 3,Male,Blue,Feather,1,Gustavo Torres,ATOS JIU-JITSU
Master 3,Male,Blue,Feather,2,Travis Steiner,GRACIE BARRA
Master 3,Male,Blue,Feather,3,Edgardo Fernandez Ofilada,EXCELLENCE SCHOOL OF JIU-JITSU USA
Master 3,Male,Blue,Feather,3,Thomas Lee,UNIFIED JIU JITSU
Master 3,Male,Blue,Light,1,Nguyen Quang Vong,PEAK PERFORMANCE
Master 3,Male,Blue,Light,2,Shawn Gauvin,JIU-JITSU FOR LIFE TEAM
Master 3,Male,Blue,Light,3,Adriano Luis Rodrigues Ferreira,GF TEAM
Master 3,Male,Blue,Light,3,Joshua Theo Wheeler,BRASA CTA
Master 3,Male,Blue,Middle,1,Jason Jones,MASSACHUSETTS BRAZILIAN JIU JITSU
Master 3,Male,Blue,Middle,2,Erik Pickens,CARLSON GRACIE
Master 3,Male,Blue,Middle,3,Ray Cortes,CHECKMAT
Master 3,Male,Blue,Middle,3,Timothy Allen Barron,CARLSON GRACIE TEAM
Master 3,Male,Blue,Medium-Heavy,1,Erich Bender,TEAM ROYCE GRACIE
Master 3,Male,Blue,Medium-Heavy,2,Lance Breeden,CHARLOTTE JIU-JITSU ACADEMY
Master 3,Male,Blue,Medium-Heavy,3,Lincoln Power,BRAZILIAN TOP TEAM
Master 3,Male,Blue,Medium-Heavy,3,Renato Augusto Sousa,MARCIO CRUZ BRAZILIAN JIU-JITSU
Master 3,Male,Blue,Heavy,1,Steven Cameron Rhodes,CHECKMAT
Master 3,Male,Blue,Heavy,2,Ryan Hightower,ONE JIU-JITSU USA
Master 3,Male,Blue,Heavy,3,Eduardo Robson dos Santos Reis,ALLIANCE
Master 3,Male,Blue,Heavy,3,Nima Namdar,ATOS JIU-JITSU
Master 3,Male,Blue,Super-Heavy,1,terry bullman,ALLIANCE
Master 3,Male,Blue,Super-Heavy,2,Nick Ferando,EASTON BJJ
Master 3,Male,Blue,Super-Heavy,3,Robert Pietro Komoroski,GARRA TEAM
Master 3,Male,Blue,Super-Heavy,3,Tim O'Hara,TEAM SHAWN HAMMONDS
Master 3,Male,Blue,Ultra-Heavy,1,Joshua Hamilton,TAC TEAM BJJ
Master 3,Male,Blue,Ultra-Heavy,2,Mark William Morgan,GF TEAM
Master 3,Male,Blue,Ultra-Heavy,3,Bayarkhuu Odsuren,MONGOLIAN BJJ
Master 3,Male,Blue,Ultra-Heavy,3,Dahmani Pascal,GF TEAM
Master 3,Male,Blue,Open Class,1,Dahmani Pascal,GF TEAM
Master 3,Male,Blue,Open Class,2,Mark William Morgan,GF TEAM
Master 3,Male,Blue,Open Class,3,Eduardo Robson dos Santos Reis,ALLIANCE
Master 3,Male,Blue,Open Class,3,Jason Jones,MASSACHUSETTS BRAZILIAN JIU JITSU
Master 3,Female,Blue,Light-Feather,1,Gretchen Mary Piskura,GRAPPLING UNLIMITED
Master 3,Female,Blue,Light-Feather,2,Ramona Vida,RALPH GRACIE
Master 3,Female,Blue,Light-Feather,3,Janne Zeiffert,FRONTLINE ACADEMY
Master 3,Female,Blue,Light-Feather,3,Supak Chenhansa,AEG JIU-JITSU
Master 3,Female,Blue,Feather,1,Debbie Sanderl,CLARK'S UNIVERSITY OF MARTIAL ARTS
Master 3,Female,Blue,Feather,2,Juanita Hughey,BRASA CTA
Master 3,Female,Blue,Feather,3,Lisa Dunn,JIU-JITSU FOR LIFE TEAM
Master 3,Female,Blue,Feather,3,Rica Urabe,TRI-FORCE JIU-JITSU ACADEMY
Master 3,Female,Blue,Light,1,Shannon OGrady,UNIFIED JIU JITSU
Master 3,Female,Blue,Light,2,Jacklyn Deniel Sam,ALLIANCE
Master 3,Female,Blue,Light,3,Juliana Vidreiro Togi,TOGI BJJ
Master 3,Female,Blue,Light,3,Patricia Lajoie,BRAZILIAN TOP TEAM
Master 3,Female,Blue,Middle,1,Ann Christine Dempsey,ATOS JIU-JITSU
Master 3,Female,Blue,Middle,2,Viviane Delvaux,ATOS JIU-JITSU
Master 3,Female,Blue,Middle,3,Amanda Cargile,CHECKMAT
Master 3,Female,Blue,Middle,3,Gina Chanel Wright,DE BEEN 100% JIU-JITSU
Master 3,Female,Blue,Medium-Heavy,1,Geeta Bhat,CARY BRAZILIAN JIU-JITSU
Master 3,Female,Blue,Medium-Heavy,2,Casey Milner Meeks,LUIZ PALHARES JIU JITSU
Master 3,Female,Blue,Medium-Heavy,3,Denise J Conway,GRACIE BARRA
Master 3,Female,Blue,Medium-Heavy,3,Wendy Kuhn,GF TEAM
Master 3,Female,Blue,Heavy,1,Amanda Jimenez,IRONSIDE MMA
Master 3,Female,Blue,Heavy,2,Sara Thomas,RIBEIRO JIU-JITSU
Master 3,Female,Blue,Heavy,3,Geraldine N. Eaves,ZENITH BJJ
Master 3,Female,Blue,Heavy,3,Roxey Kelly,ZR TEAM ASSOCIATION
Master 3,Female,Blue,Super-Heavy,1,Yamira Raisa Valdes,ZANGIEF JIU-JITSU
Master 3,Female,Blue,Super-Heavy,2,Sharon Palmer,RIBEIRO JIU-JITSU
Master 3,Female,Blue,Super-Heavy,3,Jody Smith,CARLSON GRACIE TEAM
Master 3,Female,Blue,Super-Heavy,3,Melissa Nelson,GRACIE BARRA
Master 3,Female,Blue,Open Class,1,Geeta Bhat,CARY BRAZILIAN JIU-JITSU
Master 3,Female,Blue,Open Class,2,Geraldine N. Eaves,ZENITH BJJ
Master 3,Female,Blue,Open Class,3,Rica Urabe,TRI-FORCE JIU-JITSU ACADEMY
Master 3,Female,Blue,Open Class,3,Viviane Delvaux,ATOS JIU-JITSU
Master 3,Male,Purple,Rooster,1,Young Barreirinhas,CARLSON GRACIE TEAM
Master 3,Male,Purple,Rooster,2,Pete Monsod,ATOS JIU-JITSU
Master 3,Male,Purple,Light-Feather,1,Joan M Cabas,SOUL FIGHTERS BJJ
Master 3,Male,Purple,Light-Feather,2,Yuzan Imai,CARPE DIEM
Master 3,Male,Purple,Light-Feather,3,Alonzo Campos,GRACIE BARRA
Master 3,Male,Purple,Light-Feather,3,Ronald E. Little,GRACIE BARRA
Master 3,Male,Purple,Feather,1,Nathan McNeece,THE JIU-JITSU ACADEMY
Master 3,Male,Purple,Feather,2,Matthew Barajas,GRACIE HUMAITA
Master 3,Male,Purple,Feather,3,J. David Thomas,ARES BJJ
Master 3,Male,Purple,Feather,3,Taiki Inaba,TRI-FORCE GOTANDA
Master 3,Male,Purple,Light,1,Roberto Antonio Trejo,GUERRILLA JIU JITSU
Master 3,Male,Purple,Light,2,Quoc Lap Tony Chau,R1NG BJJ
Master 3,Male,Purple,Light,3,Christopher David Cardillo,ALLIANCE
Master 3,Male,Purple,Light,3,Gary Atud,UFC GYM
Master 3,Male,Purple,Middle,1,Matthew Branscum,CHECKMAT
Master 3,Male,Purple,Middle,2,George Alfred Beischl,RODRIGO FREITAS BRAZILIAN JIU-JITSU
Master 3,Male,Purple,Middle,3,Enkhtuvshin Batchuluun,MONGOLIAN BJJ
Master 3,Male,Purple,Middle,3,Ferhayn Gambrah,ALLIANCE
Master 3,Male,Purple,Medium-Heavy,1,Joshua Carl Wilson,ATOS JIU-JITSU
Master 3,Male,Purple,Medium-Heavy,2,Mark Preston Lobwein,LEGACY
Master 3,Male,Purple,Medium-Heavy,3,Jose A. Madrazo,ATOS JIU-JITSU
Master 3,Male,Purple,Medium-Heavy,3,Joseph Earl Pistole,CARLSON GRACIE TEAM
Master 3,Male,Purple,Heavy,1,Antonio Domingo González Castilla,LILIUS BARNATT MARTIAL ARTS
Master 3,Male,Purple,Heavy,2,Estefano E Isaias,GRACIE ELITE TEAM
Master 3,Male,Purple,Heavy,3,David Rodriguez,GRACIE BARRA
Master 3,Male,Purple,Heavy,3,Patrick Banaise Blake,LEAD BJJ
Master 3,Male,Purple,Super-Heavy,1,Denis Grigoriev,PHUKET TOP TEAM
Master 3,Male,Purple,Super-Heavy,2,Leonardo Pires,BRAZILIAN TOP TEAM
Master 3,Male,Purple,Super-Heavy,3,Shawn Orlando Faison,GRACIE ALLEGIANCE
Master 3,Male,Purple,Super-Heavy,3,Tyler J Bailey,CARLSON GRACIE TEAM
Master 3,Male,Purple,Ultra-Heavy,1,Dominic Girard,BRAZILIAN TOP TEAM
Master 3,Male,Purple,Ultra-Heavy,2,Robert Lawrence MacDonald,CARLSON GRACIE TEAM
Master 3,Male,Purple,Ultra-Heavy,3,Julio Diaz,RIBEIRO JIU-JITSU
Master 3,Male,Purple,Ultra-Heavy,3,Marco Martinez,CARLSON GRACIE TEAM
Master 3,Male,Purple,Open Class,1,Robert Lawrence MacDonald,CARLSON GRACIE TEAM
Master 3,Male,Purple,Open Class,2,Jose A. Madrazo,ATOS JIU-JITSU
Master 3,Male,Purple,Open Class,3,David Rodriguez,GRACIE BARRA
Master 3,Male,Purple,Open Class,3,Marco Martinez,CARLSON GRACIE TEAM
Master 3,Female,Purple,Rooster,1,Rachna Grunkemeier,CASCADE JIU-JITSU
Master 3,Female,Purple,Rooster,2,Jade Tomelden,ALLIANCE
Master 3,Female,Purple,Rooster,3,Ann Domingo,SF EMPIRE JIU-JITSU
Master 3,Female,Purple,Light-Feather,1,Sylvia Ahn,LEAD BJJ
Master 3,Female,Purple,Light-Feather,2,Kristi Russell,RODRIGO VAGHI BJJ
Master 3,Female,Purple,Light-Feather,3,Naarah Hastings,T3MA
Master 3,Female,Purple,Light-Feather,3,Tina Baba,INVERSE
Master 3,Female,Purple,Feather,1,Miyo Strong,UNIFIED JIU JITSU
Master 3,Female,Purple,Feather,2,Brigitte Mondaca,FRONTLINE ACADEMY
Master 3,Female,Purple,Feather,3,Aislana Duarte de Rose,LOTUS CETEPE TORRES
Master 3,Female,Purple,Feather,3,Lora Heaps,ZINGANO BRAZILIAN JIU-JITSU
Master 3,Female,Purple,Light,1,Leona Mansapit,TEAM LLOYD IRVIN
Master 3,Female,Purple,Light,2,Marcia Yamada Palomba,CARLSON GRACIE TEAM
Master 3,Female,Purple,Light,3,Pilar Tapia,LEO DALLA BJJ
Master 3,Female,Purple,Light,3,Rachel Ervin,CASCAO JIU-JITSU
Master 3,Female,Purple,Middle,1,Mirella Atallah,BRAZILIAN TOP TEAM
Master 3,Female,Purple,Middle,2,Melissa Lozano,RIBEIRO JIU-JITSU
Master 3,Female,Purple,Middle,3,Jasmine Choksi,LEAD BJJ
Master 3,Female,Purple,Middle,3,Trinity Williams,LEAD BJJ
Master 3,Female,Purple,Medium-Heavy,1,Amanda Magda de Oliveira,LR EXTREME
Master 3,Female,Purple,Medium-Heavy,2,Beth Simione Bahret,FENIX BJJ WOBURN
Master 3,Female,Purple,Medium-Heavy,3,Michelle Pepin,ZENITH BJJ
Master 3,Female,Purple,Medium-Heavy,3,Stacey Ann Councilman,INFINITE JIU JITSU
Master 3,Female,Purple,Heavy,1,Lauren Lamb,TEAM ROBSON MOURA
Master 3,Female,Purple,Heavy,2,Christy Leasure,GRACIE BARRA
Master 3,Female,Purple,Heavy,3,Anne Garrido Quintanilla,CAVEIRINHA JIU-JITSU FAMILY USA
Master 3,Female,Purple,Super-Heavy,1,Cari Jacobs,GF TEAM
Master 3,Female,Purple,Super-Heavy,2,Shannon Marcetic,JIU-JITSU FOR LIFE TEAM
Master 3,Female,Purple,Open Class,1,Amanda Magda de Oliveira,LR EXTREME
Master 3,Female,Purple,Open Class,2,Cari Jacobs,GF TEAM
Master 3,Male,Brown,Rooster,1,dai ibaraki,DRAGON'S DEN
Master 3,Male,Brown,Rooster,2,Shawn Suga,CHRIS ATKINS JIU-JITSU
Master 3,Male,Brown,Light-Feather,1,David Allen Parker,ATOS JIU-JITSU
Master 3,Male,Brown,Light-Feather,2,Kristopher Sakamoto,CASCAO JIU-JITSU
Master 3,Male,Brown,Light-Feather,3,Michael Emmanuel Munoz,SF EMPIRE JIU-JITSU
Master 3,Male,Brown,Light-Feather,3,Robin Victor Opalia,ATOS JIU-JITSU
Master 3,Male,Brown,Feather,1,Marcelo Ricardo Reis Pagliuso,CHECKMAT
Master 3,Male,Brown,Feather,2,Brian Rafat,CICERO COSTHA INTERNACIONAL
Master 3,Male,Brown,Feather,3,Damion Taylor,TRAVIS LUTTER BRAZILIAN JIU-JITSU
Master 3,Male,Brown,Feather,3,Stephen Dalkert,RCJ MACHADO
Master 3,Male,Brown,Light,1,Nelson Medina,CHECKMAT
Master 3,Male,Brown,Light,2,Justin Nero,RALPH GRACIE JIU-JITSU BERKELEY
Master 3,Male,Brown,Light,3,Daniel fry,R1NG BJJ
Master 3,Male,Brown,Light,3,Scott Lowder,R1NG BJJ
Master 3,Male,Brown,Middle,1,Matt James Hoidal,IMPACT JIU JITSU
Master 3,Male,Brown,Middle,2,Jason R. Friesen,ALLIANCE
Master 3,Male,Brown,Middle,3,Aleksandr Jones,ALLIANCE
Master 3,Male,Brown,Middle,3,Alton Deon Moss Jr.,SAS TEAM USA
Master 3,Male,Brown,Medium-Heavy,1,Christopher Lewter,GRACIE RALEIGH
Master 3,Male,Brown,Medium-Heavy,2,Angel Fernando Sanchez Soriano,CRAZY TEAM
Master 3,Male,Brown,Medium-Heavy,3,Aliaksandr Suhonosov,GRACIE BARRA
Master 3,Male,Brown,Medium-Heavy,3,Tyson Boring,GRACIE HUMAITA
Master 3,Male,Brown,Heavy,1,José Rinaldo Gomes Da Silva,ATOS JIU-JITSU
Master 3,Male,Brown,Heavy,2,Edelen Parker,BIG BROTHERS
Master 3,Male,Brown,Heavy,3,Jamie Riedinger,CASCAO JIU-JITSU
Master 3,Male,Brown,Heavy,3,JJ Filipovic,ZENITH BJJ
Master 3,Male,Brown,Super-Heavy,1,Ramon Francho Miguel,RIBEIRO JIU-JITSU
Master 3,Male,Brown,Super-Heavy,2,Alfonso Joel Washington Jr.,TEAM LLOYD IRVIN
Master 3,Male,Brown,Super-Heavy,3,Eric Willians,GRACIE ELITE TEAM
Master 3,Male,Brown,Super-Heavy,3,Ronald Hicks,BIG BROTHERS
Master 3,Male,Brown,Ultra-Heavy,1,Casey S. Lamb,TEAM ROBSON MOURA
Master 3,Male,Brown,Ultra-Heavy,2,John McCowen,RIBEIRO JIU-JITSU
Master 3,Male,Brown,Ultra-Heavy,3,Erkhembayar Gunaajav,MONGOLIAN BJJ
Master 3,Male,Brown,Ultra-Heavy,3,Stephen Heaven,FIGHT SPORTS
Master 3,Male,Brown,Open Class,1,José Rinaldo Gomes Da Silva,ATOS JIU-JITSU
Master 3,Male,Brown,Open Class,2,Eric Willians,GRACIE ELITE TEAM
Master 3,Male,Brown,Open Class,3,Aleksandr Jones,ALLIANCE
Master 3,Male,Brown,Open Class,3,Edelen Parker,BIG BROTHERS
Master 3,Female,Brown,Light-Feather,1,Annette Jung-in Lee,NEW ZEALAND TOP TEAM
Master 3,Female,Brown,Light-Feather,2,Fabiana Takatsu,BARBOSA JIU-JITSU
Master 3,Female,Brown,Light-Feather,3,Glenda L Ramos-Rivera,RIBEIRO JIU-JITSU
Master 3,Female,Brown,Light-Feather,3,Hazel Capalad,SABRE JIU-JITSU ACADEMY
Master 3,Female,Brown,Feather,1,Claudia Cardona,RENATO TAVARES ASSOCIATION
Master 3,Female,Brown,Feather,2,Jane Lorraine Minondo,JIU-JITSU FOR LIFE TEAM
Master 3,Female,Brown,Feather,3,Erica Grosjean,CHECKMAT
Master 3,Female,Brown,Feather,3,Stefanie Teresa Wallace,CHECKMAT
Master 3,Female,Brown,Light,1,Terrie Schauer,HOMA BJJ
Master 3,Female,Brown,Light,2,Heidi Thompson,NOVA UNIÃO
Master 3,Female,Brown,Light,3,Gina Sanchez,AVIV JIU-JITSU
Master 3,Female,Brown,Light,3,Kendra Maire Sheldon Lay,ZENITH BJJ - LAS VEGAS
Master 3,Female,Brown,Middle,1,Sharicka Long-O'Neill,RIBEIRO JIU-JITSU
Master 3,Female,Brown,Middle,2,Marci Zavala,ATOS JIU-JITSU
Master 3,Female,Brown,Middle,3,Terri Kuiland,GF TEAM
Master 3,Female,Brown,Medium-Heavy,1,Olena Litovsky,UNIFIED JIU JITSU
Master 3,Female,Brown,Medium-Heavy,2,Maryellen Sinclair,SOUL FIGHTERS BJJ
Master 3,Female,Brown,Heavy,1,Samantha Freitas,R1NG BJJ
Master 3,Female,Brown,Heavy,2,Christine Ahola,PACIFIC TOP TEAM
Master 3,Female,Brown,Super-Heavy,1,Ginger K. Hines,BRASA CTA
Master 3,Female,Brown,Super-Heavy,2,Heather R Hart,BALANCE
Master 3,Female,Brown,Super-Heavy,3,Annemieke DeMaggio,RIBEIRO JIU-JITSU
Master 3,Female,Brown,Super-Heavy,3,Erica Kutnick,KORE BJJ & MMA
Master 3,Female,Brown,Open Class,1,Samantha Freitas,R1NG BJJ
Master 3,Female,Brown,Open Class,2,Sharicka Long-O'Neill,RIBEIRO JIU-JITSU
Master 3,Female,Brown,Open Class,3,Jane Lorraine Minondo,JIU-JITSU FOR LIFE TEAM
Master 3,Female,Brown,Open Class,3,Olena Litovsky,UNIFIED JIU JITSU
Master 3,Male,Black,Rooster,1,Andre Luiz Cecilio Roriz Pontes,RIBEIRO JIU-JITSU
Master 3,Male,Black,Rooster,2,Luis Ignacio Reyes,JEAN JACQUES MACHADO BJJ
Master 3,Male,Black,Rooster,3,Makoto Sawada,DRAGON'S DEN
Master 3,Male,Black,Rooster,3,Scott R. Green,FENIX BJJ WOBURN
Master 3,Male,Black,Light-Feather,1,Márcio Roberto Pereira Carvalho,BRUNO BOMBA TEAM
Master 3,Male,Black,Light-Feather,2,Kohei Nishibayashi,PATO STUDIO
Master 3,Male,Black,Light-Feather,3,Akira Kibe,SPLASH
Master 3,Male,Black,Light-Feather,3,Ichiro Kaneko,SHRAPNEL JIU-JITSU ACADEMY
Master 3,Male,Black,Feather,1,Vugner Amador da Silva,NOVA UNIÃO
Master 3,Male,Black,Feather,2,Daniel V. Alvarez Jr.,LEAD BJJ
Master 3,Male,Black,Feather,3,Anderson Pereira da Silva Breder,ICON JIU-JITSU TEAM
Master 3,Male,Black,Feather,3,Murillo Carvalho da Silva Neto,GRACIE BARRA
Master 3,Male,Black,Light,1,Cássio Rios Werneck,CASSIO WERNECK BJJ
Master 3,Male,Black,Light,2,Alexandre Concieiro Pimentel,ELITE FORCE BJJ
Master 3,Male,Black,Light,3,Hirokazu Takamoto,TAKAMOTO DOJO
Master 3,Male,Black,Light,3,Suyan Lopes Queiroz,CARLSON GRACIE TEAM
Master 3,Male,Black,Middle,1,Adriano Ferreira de Araujo e Silva,BARBOSA JIU-JITSU
Master 3,Male,Black,Middle,2,Leonardo Souza Melo,KMR BJJ KIMURA
Master 3,Male,Black,Middle,3,Marcelo Santos Azevedo,GRACIE BARRA
Master 3,Male,Black,Middle,3,Mark J. Vives,TAC TEAM BJJ
Master 3,Male,Black,Medium-Heavy,1,Fabio Leopoldo e Silva Neto,R1NG BJJ
Master 3,Male,Black,Medium-Heavy,2,Delson Heleno Raimundo,R1NG BJJ
Master 3,Male,Black,Medium-Heavy,3,Eduardo Santoro de Camargo,EXCELLENCE SCHOOL OF JIU-JITSU USA
Master 3,Male,Black,Medium-Heavy,3,Ronaldo Milanesi M. Chaves,CHECKMAT
Master 3,Male,Black,Heavy,1,Cristiano Santos Lazzarini,GRACIE BARRA
Master 3,Male,Black,Heavy,2,Lucio Sergio dos Santos,LUCIO SERGIO BJJ LIFESTYLE
Master 3,Male,Black,Heavy,3,Charles Faria Correa,G13 BJJ
Master 3,Male,Black,Heavy,3,Rogério Tavares,CHECKMAT
Master 3,Male,Black,Super-Heavy,1,Viktor de Araujo K. Doria,FIGHT SPORTS
Master 3,Male,Black,Super-Heavy,2,Luke Harris,ZENITH BJJ
Master 3,Male,Black,Super-Heavy,3,Anthony Lamar Scales,NOVA UNIÃO
Master 3,Male,Black,Super-Heavy,3,Claudio Godoy,DEMIAN MAIA JIU-JITSU
Master 3,Male,Black,Ultra-Heavy,1,James Eric Foster,ONE JIU-JITSU USA
Master 3,Male,Black,Ultra-Heavy,2,Chad Fields,BRASA CTA
Master 3,Male,Black,Ultra-Heavy,3,Carlos Eduardo de Araujo Farias,BRASA CTA
Master 3,Male,Black,Ultra-Heavy,3,Scott R Morton,RODRIGO VAGHI BJJ
Master 3,Male,Black,Open Class,1,Delson Heleno Raimundo,R1NG BJJ
Master 3,Male,Black,Open Class,2,Claudio Godoy,DEMIAN MAIA JIU-JITSU
Master 3,Male,Black,Open Class,3,Alexandre Concieiro Pimentel,ELITE FORCE BJJ
Master 3,Male,Black,Open Class,3,Hirokazu Takamoto,TAKAMOTO DOJO
Master 3,Female,Black,Light-Feather,1,Melinda Fausto,NOVA UNIÃO
Master 3,Female,Black,Light-Feather,2,Christine Aldina Lang,COALITION 95
Master 3,Female,Black,Light-Feather,3,Lisa Marie Hitsman Pages,BRASA CTA
Master 3,Female,Black,Feather,1,Sandra Inacio de Melo,KMR BJJ KIMURA
Master 3,Female,Black,Feather,2,Rachel Karen Kovach,FIGHT SPORTS
Master 3,Female,Black,Feather,3,Kristen Marie Davidson,BRAZILIAN TOP TEAM
Master 3,Female,Black,Light,1,Patrícia de de Oliveira Lage,BARBOSA JIU-JITSU
Master 3,Female,Black,Light,2,Claudia Patricia Lacerda,CARLSON GRACIE TEAM
Master 3,Female,Black,Light,3,Andressa Vasconcelos de Barros Goes,GF TEAM
Master 3,Female,Black,Middle,1,Jennifer Lynn Whitcomb,JIU-JITSU FOR LIFE TEAM
Master 3,Female,Black,Middle,2,Gabriela Dolores Muller,ALLIANCE
Master 3,Female,Black,Middle,3,Jennifer L. Russell,OCBJJ
Master 3,Female,Black,Heavy,1,Francisca Sofía Florás Guerraty,CICERO COSTHA INTERNACIONAL
Master 3,Female,Black,Heavy,2,Leticia Seguetto Tanabe Lalli,CHECKMAT
Master 3,Female,Black,Heavy,3,Leah Rae Mancillas,BJJ REVOLUTION TEAM
Master 3,Female,Black,Super-Heavy,1,Luana Beatriz Gomes Fiquene,RIBEIRO JIU-JITSU
Master 3,Female,Black,Open Class,1,Leticia Seguetto Tanabe Lalli,CHECKMAT
Master 3,Female,Black,Open Class,2,Luana Beatriz Gomes Fiquene,RIBEIRO JIU-JITSU
Master 3,Female,Black,Open Class,3,Jennifer Lynn Whitcomb,JIU-JITSU FOR LIFE TEAM
Master 4,Male,Blue,Rooster,1,Rick Miller,JOVANY VARELA COMPETITION TEAM
Master 4,Male,Blue,Rooster,2,Rick Llanes Quindipan,ZENITH BJJ
Master 4,Male,Blue,Light-Feather,1,Hiram Martin Cruz,LULA FAMILY BRAZILIAN JIU-JITSU
Master 4,Male,Blue,Light-Feather,2,Jonas Joaquin Robledo,ALLIANCE
Master 4,Male,Blue,Light-Feather,3,Adam le,CASCAO JIU-JITSU
Master 4,Male,Blue,Light-Feather,3,Gustavo Cabagna,MALLORCA BJJ
Master 4,Male,Blue,Feather,1,Del Boykin,SAS TEAM
Master 4,Male,Blue,Feather,2,Isaac Whitney Bonds,BRASA CTA
Master 4,Male,Blue,Feather,3,Jeffrey Richard,GRACIE ELITE TEAM
Master 4,Male,Blue,Feather,3,Rafael Velasquez,IMPACT JIU JITSU
Master 4,Male,Blue,Light,1,Jimmy Park,GRACIE ELITE TEAM
Master 4,Male,Blue,Light,2,Ken Dixon,ONE JIU-JITSU USA
Master 4,Male,Blue,Light,3,Johnny Saadeh,HAYASTAN MMA
Master 4,Male,Blue,Light,3,Todd Eric Nordstrom,CAVEIRINHA JIU-JITSU FAMILY USA
Master 4,Male,Blue,Middle,1,Ernesto Espinoza,BUCKHEAD JIU-JITSU
Master 4,Male,Blue,Middle,2,Leopoldo Calderon Peralta,CHECKMAT
Master 4,Male,Blue,Middle,3,John Byrne,ATOS JIU-JITSU
Master 4,Male,Blue,Middle,3,Kevin Cuccinelli,CARLSON GRACIE TEAM
Master 4,Male,Blue,Medium-Heavy,1,Eric Walts,R1NG BJJ
Master 4,Male,Blue,Medium-Heavy,2,Edward Acevedo,LEAD BJJ
Master 4,Male,Blue,Medium-Heavy,3,Devin Dallaire,TAC TEAM BJJ
Master 4,Male,Blue,Medium-Heavy,3,Jason Mitchler,PRIME JIU-JITSU CENTER
Master 4,Male,Blue,Heavy,1,Alex Almeida Cavalcante da Silva,DRILL BJJ
Master 4,Male,Blue,Heavy,2,Jacek Windak,UFLACKER ACADEMY
Master 4,Male,Blue,Heavy,3,Erik Thor Bartkowiak,FUTURE SCHOOL OF JIU-JITSU
Master 4,Male,Blue,Heavy,3,Timothy Brian Slate,BJJ REVOLUTION TEAM
Master 4,Male,Blue,Super-Heavy,1,James R. Schafer,MOHLER JIU-JITSU
Master 4,Male,Blue,Super-Heavy,2,Gerald Thomas Having,GRACIE BARRA
Master 4,Male,Blue,Super-Heavy,3,Cory Barton,MCVICKER'S BRAZILIAN JIU JITSU
Master 4,Male,Blue,Super-Heavy,3,Shad Christopher Schutte,LEAD BJJ
Master 4,Male,Blue,Ultra-Heavy,1,Jon Edwards,RODRIGO VAGHI BJJ
Master 4,Male,Blue,Ultra-Heavy,2,Bradley Timothy Harris,ACTION & REACTION MMA TORONTO
Master 4,Male,Blue,Ultra-Heavy,3,Jean-Paul Villont,KIOTO BJJ - SAYVILLE
Master 4,Male,Blue,Ultra-Heavy,3,Paulo Henrique Brito,ROCIAN GRACIE JUNIOR DE JIU-JITSU
Master 4,Male,Blue,Open Class,1,Devin Dallaire,TAC TEAM BJJ
Master 4,Male,Blue,Open Class,2,Jeffrey Richard,GRACIE ELITE TEAM
Master 4,Male,Blue,Open Class,3,Gerald Thomas Having,GRACIE BARRA
Master 4,Male,Blue,Open Class,3,Gustavo Cabagna,MALLORCA BJJ
Master 4,Female,Blue,Rooster,1,wai ping cheung,LEAD BJJ
Master 4,Female,Blue,Rooster,2,Jenny Bernice Pomeroy,KRONOS BJJ
Master 4,Female,Blue,Rooster,3,Maria Gretel Glicelina Tomita,GRAPPLING UNLIMITED
Master 4,Female,Blue,Rooster,3,Patricia Montenegro,COACHELLA VALLEY BJJ
Master 4,Female,Blue,Light-Feather,1,Sonya m Gardenhire,TEAM JUCÃO
Master 4,Female,Blue,Light-Feather,2,Tessa Burrows,JIU-JITSU FOR LIFE TEAM
Master 4,Female,Blue,Light-Feather,3,Linda Chavez,ARES BJJ
Master 4,Female,Blue,Feather,1,Jennifer Cox,GRACIE BARRA
Master 4,Female,Blue,Feather,2,Isabel Cristina Berrios,JP - BJJ - ELIZONDO
Master 4,Female,Blue,Feather,3,Galina Buckhout,ALLIANCE
Master 4,Female,Blue,Feather,3,Heather Marie Murray,GF TEAM
Master 4,Female,Blue,Light,1,Joanna Shama,WARRIOR MMA & JIU JITSU
Master 4,Female,Blue,Light,2,Kahealani Randi Mae Freitas,CAVEIRINHA JIU-JITSU FAMILY USA
Master 4,Female,Blue,Light,3,Jacqueline Shannon Heron,ALLIANCE
Master 4,Female,Blue,Light,3,Lisa Anne Shackelford,SOUL FIGHTERS BJJ
Master 4,Female,Blue,Middle,1,LuAnn B Younes,GRACIE ALLEGIANCE
Master 4,Female,Blue,Middle,2,Maryam Hills,TUKAHA BRAZILIAN JIU JITSU
Master 4,Female,Blue,Middle,3,Rebecca Anne Blissett,GRACIE BARRA
Master 4,Female,Blue,Medium-Heavy,1,Lori Agins,GRACIE HUMAITA
Master 4,Female,Blue,Medium-Heavy,2,Christi R Foutz,GRACIE HUMAITA
Master 4,Female,Blue,Medium-Heavy,3,Catherine Roy Cabungcal,TEAM ROBSON MOURA
Master 4,Female,Blue,Medium-Heavy,3,Melinda Frandsen,UNIFIED JIU JITSU
Master 4,Female,Blue,Heavy,1,Staci Shaw,GRACIE HUMAITA
Master 4,Female,Blue,Heavy,2,Amé Tamu Flournoy,GRACIE JIU-JITSU ACADEMY
Master 4,Female,Blue,Heavy,3,Nathalie Desmonts,DE LA RIVA NANTES
Master 4,Female,Blue,Heavy,3,Nikki Cuff,WILL- MACHADO
Master 4,Female,Blue,Open Class,1,Joanna Shama,WARRIOR MMA & JIU JITSU
Master 4,Female,Blue,Open Class,2,Melinda Frandsen,UNIFIED JIU JITSU
Master 4,Female,Blue,Open Class,3,Linda Chavez,ARES BJJ
Master 4,Female,Blue,Open Class,3,Lisa Anne Shackelford,SOUL FIGHTERS BJJ
Master 4,Male,Purple,Rooster,1,Masayuki Saikubo,DRAGON'S DEN
Master 4,Male,Purple,Rooster,2,Grant Tadashi Miyashiro,ATOS JIU-JITSU
Master 4,Male,Purple,Light-Feather,1,Jaime Villar Molina,BRASA CTA
Master 4,Male,Purple,Light-Feather,2,Gregory Alan Fernandes,GRACIE BARRA
Master 4,Male,Purple,Light-Feather,3,Michael Fletcher,RUFFHOUSE
Master 4,Male,Purple,Light-Feather,3,Zoltan A. Ekk,BODY OF FOUR
Master 4,Male,Purple,Feather,1,Ali Zachary,ABU BROTHERS LAS VEGAS
Master 4,Male,Purple,Feather,2,Charles Russell,RODRIGO VAGHI BJJ
Master 4,Male,Purple,Feather,3,Andreas Guenther,HILTI BJJ IMAG BERLIN
Master 4,Male,Purple,Feather,3,Tony J. Amigleo,RIBEIRO JIU-JITSU
Master 4,Male,Purple,Light,1,Aaron Cook,ATOS JIU-JITSU
Master 4,Male,Purple,Light,2,Andrew Henry,BRASA CTA
Master 4,Male,Purple,Light,3,Rich Kim,R1NG BJJ
Master 4,Male,Purple,Light,3,Rob Bailor Howard,RODRIGO VAGHI BJJ
Master 4,Male,Purple,Middle,1,Gregory Cinelli,FENIX BJJ LOWELL
Master 4,Male,Purple,Middle,2,Chang Yeon Cho,JOHN FRANKL JIU-JITSU
Master 4,Male,Purple,Middle,3,David Yoder,ROUND TABLE BJJ
Master 4,Male,Purple,Middle,3,Ray Briones,GRACIE ELITE TEAM
Master 4,Male,Purple,Medium-Heavy,1,Donny King,MOHLER JIU-JITSU
Master 4,Male,Purple,Medium-Heavy,2,John Lightfoot,SOUL FIGHTERS BJJ
Master 4,Male,Purple,Medium-Heavy,3,Michael Jeffrey Whitener,CHARLOTTE JIU-JITSU ACADEMY
Master 4,Male,Purple,Medium-Heavy,3,Zinoviy Turanskiy,TAC TEAM BJJ
Master 4,Male,Purple,Heavy,1,Jordan Thierry,CHECKMAT
Master 4,Male,Purple,Heavy,2,Marc Drouin,SOUL FIGHTERS BJJ
Master 4,Male,Purple,Heavy,3,Robert French,CARLSON GRACIE TEAM
Master 4,Male,Purple,Heavy,3,Thomas Woods,TRUJITSU - BAKERSFIELD
Master 4,Male,Purple,Super-Heavy,1,Oleg Vasilyev,INGLORIOUS GRAPPLERS
Master 4,Male,Purple,Super-Heavy,2,Bobby Carter,GRACIE HUMAITA
Master 4,Male,Purple,Super-Heavy,3,Alain Orozco,AMERICAN TOP TEAM
Master 4,Male,Purple,Super-Heavy,3,Gilad Haroz,TEAMPACT
Master 4,Male,Purple,Ultra-Heavy,1,Orlando Atilio Baccino,NOVA UNIÃO
Master 4,Male,Purple,Ultra-Heavy,2,Hassan Hamin Assad,GRACIE BARRA
Master 4,Male,Purple,Ultra-Heavy,3,Michael Patrick Clark,RIBEIRO JIU-JITSU
Master 4,Male,Purple,Ultra-Heavy,3,Tyrone Taylor,CARLSON GRACIE TEAM
Master 4,Male,Purple,Open Class,1,Oleg Vasilyev,INGLORIOUS GRAPPLERS
Master 4,Male,Purple,Open Class,2,John Lightfoot,SOUL FIGHTERS BJJ
Master 4,Male,Purple,Open Class,3,Hassan Hamin Assad,GRACIE BARRA
Master 4,Male,Purple,Open Class,3,Thomas Woods,TRUJITSU - BAKERSFIELD
Master 4,Female,Purple,Rooster,1,alicia marroquin,RODRIGO FREITAS BRAZILIAN JIU-JITSU
Master 4,Female,Purple,Rooster,2,Karen Teufert,JEAN JACQUES MACHADO BJJ
Master 4,Female,Purple,Light-Feather,1,Andrea Sunseri,NOVA UNIÃO
Master 4,Female,Purple,Light-Feather,2,Grace Yee,EVOLVE MMA
Master 4,Female,Purple,Light-Feather,3,April Alicia Beatty,TEAM JUCÃO
Master 4,Female,Purple,Light-Feather,3,Katrin Gunther Choate,BRASA CTA
Master 4,Female,Purple,Feather,1,January Tongay,KRONOS BJJ
Master 4,Female,Purple,Feather,2,Lourdes Cantu,BRASA CTA
Master 4,Female,Purple,Feather,3,Lena Van Asdale,GRACIE ELITE TEAM
Master 4,Female,Purple,Feather,3,Paula Te Kawa,CARLSON GRACIE TEAM
Master 4,Female,Purple,Light,1,Darla Sedlacek,HURRICANE JIU-JITSU
Master 4,Female,Purple,Light,2,Carla Barros Esposito,GF TEAM
Master 4,Female,Purple,Light,3,Dana Marie Toth,YAMASAKI ACADEMY
Master 4,Female,Purple,Light,3,Pamela Moye,THE BLACK - HWD
Master 4,Female,Purple,Middle,1,Dympna Doherty,MARCO NASCIMENTO BJJ
Master 4,Female,Purple,Middle,2,Janeen S. Jones,JIU-JITSU FOR LIFE TEAM
Master 4,Female,Purple,Middle,3,Mae Britton,ANCHORAGE BRAZILIAN JIU JITSU
Master 4,Female,Purple,Open Class,1,Darla Sedlacek,HURRICANE JIU-JITSU
Master 4,Female,Purple,Open Class,2,Pamela Moye,THE BLACK
Master 4,Female,Purple,Open Class,3,Janeen S. Jones,JIU-JITSU FOR LIFE TEAM
Master 4,Female,Purple,Open Class,3,Paula Te Kawa,CARLSON GRACIE TEAM
Master 4,Male,Brown,Rooster,1,Eric Abesames,GRACIE ELITE TEAM
Master 4,Male,Brown,Rooster,2,Wallace Hardy Bailey,TEAM ROBSON MOURA
Master 4,Male,Brown,Light-Feather,1,Jessy James Garcia,RODRIGO VAGHI BJJ
Master 4,Male,Brown,Light-Feather,2,Atsushi Misono,NEWAZA WORLD
Master 4,Male,Brown,Light-Feather,3,Jason Gavenda,MOHLER JIU-JITSU
Master 4,Male,Brown,Light-Feather,3,Jim Zaremski,GRACIE BARRA
Master 4,Male,Brown,Feather,1,Gilvan Banho Basilio,ATOS JIU-JITSU
Master 4,Male,Brown,Feather,2,Koji Iwasaki,PATO STUDIO
Master 4,Male,Brown,Feather,3,AARON HENDERSON,TAC TEAM BJJ
Master 4,Male,Brown,Feather,3,Christian Guidin Kadow,ALLIANCE
Master 4,Male,Brown,Light,1,Ronald E Blake III,COMBAT BASE
Master 4,Male,Brown,Light,2,James Loeser,ALLIANCE
Master 4,Male,Brown,Light,3,Hiromichi Ishikawa,NEXUSENSE
Master 4,Male,Brown,Light,3,Richard Mcdowell,CASCAO JIU-JITSU
Master 4,Male,Brown,Middle,1,Danny Sanfellipo,CHECKMAT
Master 4,Male,Brown,Middle,2,Jonathan Wood,MYBJJ TEAM
Master 4,Male,Brown,Middle,3,Brian Scott Pierce,GRACIE BARRA
Master 4,Male,Brown,Middle,3,George honaker,ALEX MARTINS BRAZILIAN JIU-JITSU
Master 4,Male,Brown,Medium-Heavy,1,Brent Te Kawa,CARLSON GRACIE TEAM
Master 4,Male,Brown,Medium-Heavy,2,Richard McCarthy,BRAZIL 021 INTERNATIONAL
Master 4,Male,Brown,Medium-Heavy,3,Antonio William Debss,MAURICIO ALONSO BJJ CWB
Master 4,Male,Brown,Medium-Heavy,3,Thomas Asturias,UNIFIED JIU JITSU
Master 4,Male,Brown,Heavy,1,David M Skora,PEDRO SAUER TEAM
Master 4,Male,Brown,Heavy,2,Robert Walker,R1NG BJJ
Master 4,Male,Brown,Heavy,3,Donald Joseph Edwards,BIBIANO FERNANDES BJJ
Master 4,Male,Brown,Heavy,3,Peter Duriga,BRAZILIAN TOP TEAM
Master 4,Male,Brown,Super-Heavy,1,Fabio Jorge Hauly,MAGOO JJ
Master 4,Male,Brown,Super-Heavy,2,Marco Aurelio Buchaim Regos,BARBOSA JIU-JITSU
Master 4,Male,Brown,Super-Heavy,3,Miguel E. Inong Jr.,GRACIE BARRA
Master 4,Male,Brown,Super-Heavy,3,R. John Carrillo Jr,CARLSON GRACIE TEAM
Master 4,Male,Brown,Ultra-Heavy,1,James Walsh,GF TEAM
Master 4,Male,Brown,Ultra-Heavy,2,James Mastrobattista,R1NG BJJ
Master 4,Male,Brown,Ultra-Heavy,3,Rowshan Ahani,MARCO NASCIMENTO BJJ
Master 4,Male,Brown,Ultra-Heavy,3,Vince Lane,RALPH GRACIE JIU-JITSU BERKELEY
Master 4,Male,Brown,Open Class,1,Vince Lane,RALPH GRACIE JIU-JITSU BERKELEY
Master 4,Male,Brown,Open Class,2,R. John Carrillo Jr,CARLSON GRACIE TEAM
Master 4,Male,Brown,Open Class,3,Brent Te Kawa,CARLSON GRACIE TEAM
Master 4,Male,Brown,Open Class,3,Miguel E. Inong Jr.,GRACIE BARRA
Master 4,Female,Brown,Light-Feather,1,Nancy Ma,ZENITH BJJ
Master 4,Female,Brown,Light-Feather,2,Leslie J. Gardineer,ONE JIU-JITSU USA
Master 4,Female,Brown,Light-Feather,3,ANA NIEVES,TAC TEAM BJJ
Master 4,Female,Brown,Light-Feather,3,Quincy Torres,COALITION 95
Master 4,Female,Brown,Feather,1,Kimberly Almirez,RIBEIRO JIU-JITSU
Master 4,Female,Brown,Feather,2,Brandi Christa Creason,JEAN JACQUES MACHADO BJJ
Master 4,Female,Brown,Feather,3,Joan DeAgro,GRACIE ELITE TEAM
Master 4,Female,Brown,Feather,3,Michelle Sparacio,CARLSON GRACIE TEAM
Master 4,Female,Brown,Middle,1,Amy Konopka,ALLIANCE
Master 4,Female,Brown,Middle,2,Leah Tremain,WEST COAST BJJ
Master 4,Female,Brown,Middle,3,Candace Teresa Daher,BJJ GLOBETROTTERS
Master 4,Female,Brown,Open Class,1,Amy Konopka,ALLIANCE
Master 4,Female,Brown,Open Class,2,Michelle Sparacio,CARLSON GRACIE TEAM
Master 4,Female,Brown,Open Class,3,ANA NIEVES,TAC TEAM BJJ
Master 4,Female,Brown,Open Class,3,Leah Tremain,WEST COAST BJJ
Master 4,Male,Black,Rooster,1,Yoshihiro Fujita,FUJITA JIU-JITSU
Master 4,Male,Black,Rooster,2,Jeffrey Dean Bourgeois,ONE JIU-JITSU USA
Master 4,Male,Black,Rooster,3,Eisaku Kawamura,PARAESTRA CHIBA
Master 4,Male,Black,Light-Feather,1,Marcus Vinicius Barros Norat,GRACIE HUMAITA
Master 4,Male,Black,Light-Feather,2,Alessandro Cirone Nagaishi,CHECKMAT
Master 4,Male,Black,Light-Feather,3,James A. Peterson,LCCT USA
Master 4,Male,Black,Light-Feather,3,Samuel Saul do Nascimento,GRACIE BARRA
Master 4,Male,Black,Feather,1,Alexandre C. Freitas,R1NG BJJ
Master 4,Male,Black,Feather,2,Cleber Luciano Costa,CLEBER JIU JITSU
Master 4,Male,Black,Feather,3,David Angel Bazan,COBRA KAI JIU JITSU
Master 4,Male,Black,Feather,3,Heath Flicker,NOVA UNIÃO
Master 4,Male,Black,Light,1,Jackson McVicker,MCVICKER'S BRAZILIAN JIU JITSU
Master 4,Male,Black,Light,2,Rodrigo Medeiros,CARLSON GRACIE TEAM
Master 4,Male,Black,Light,3,Derek Anthony DiManno,CASSIO WERNECK BJJ
Master 4,Male,Black,Light,3,Guilherme Martins Santos,FIVE ROUNDS
Master 4,Male,Black,Middle,1,André Luis Monroy Ushirobira,USHIROBIRA JJ
Master 4,Male,Black,Middle,2,Andre Luiz Leite,SOUL FIGHTERS BJJ
Master 4,Male,Black,Middle,3,Kevin P. Menard,ZENITH BJJ
Master 4,Male,Black,Middle,3,Marcelo Pereira Dourado,GF TEAM
Master 4,Male,Black,Medium-Heavy,1,Danilo Manoel Felippe,GRACIE BARRA
Master 4,Male,Black,Medium-Heavy,2,Carlos Alberto Terrinha,GRACIE BARRA
Master 4,Male,Black,Medium-Heavy,3,Randy Nash,CHRISTIAN CARVALHO BJJ
Master 4,Male,Black,Medium-Heavy,3,Ricardo da Rocha Zanelato,LOTUS CETEPE TORRES
Master 4,Male,Black,Heavy,1,Matt Jason Baker,TRUJITSU - BAKERSFIELD
Master 4,Male,Black,Heavy,2,Jaime Mendez,GRACIE ELITE TEAM
Master 4,Male,Black,Heavy,3,Damian Michael Hirtz,ALLIANCE
Master 4,Male,Black,Heavy,3,David Rothwell,PACIFIC TOP TEAM
Master 4,Male,Black,Super-Heavy,1,Stephen Vincent Hall,ALLIANCE
Master 4,Male,Black,Super-Heavy,2,Reginaldo Cardoso Liani,GRACIE BARRA
Master 4,Male,Black,Super-Heavy,3,Christopher E. Howe,MCVICKER'S BRAZILIAN JIU JITSU
Master 4,Male,Black,Super-Heavy,3,Marcos da Matta Meira,AMERICAN TOP TEAM
Master 4,Male,Black,Ultra-Heavy,1,Luiz Henrique Velloso Saldanha,R1NG BJJ
Master 4,Male,Black,Ultra-Heavy,2,Anthony Jason Perosh,TEAM PEROSH MIXED MARTIAL ARTS
Master 4,Male,Black,Ultra-Heavy,3,Kelly J Grissom,LEO DALLA BJJ
Master 4,Male,Black,Ultra-Heavy,3,Rafael Carino Guimarães,NOVA UNIÃO
Master 4,Male,Black,Open Class,1,André Luis Monroy Ushirobira,USHIROBIRA JJ
Master 4,Male,Black,Open Class,2,Anthony Jason Perosh,TEAM PEROSH MIXED MARTIAL ARTS
Master 4,Male,Black,Open Class,3,David Rothwell,PACIFIC TOP TEAM
Master 4,Male,Black,Open Class,3,Reginaldo Cardoso Liani,GRACIE BARRA
Master 4,Female,Black,Light,1,Kelly Beech,LULA FAMILY BRAZILIAN JIU-JITSU
Master 4,Female,Black,Light,2,Ginger Mark,BRASA CTA
Master 4,Female,Black,Light,3,Donna Kay Andreas,FABIO SANTOS BJJ
Master 4,Female,Black,Middle,1,Judyann Lee Burgess,CLEBER JIU JITSU VISALIA
Master 4,Female,Black,Middle,2,Denise A. Houle,BRASA CTA
Master 4,Female,Black,Middle,3,Deborah Ann Clem,FABIO SANTOS BJJ
Master 4,Female,Black,Middle,3,Jaqueline de Fatima Lima,ATOS JIU-JITSU
Master 4,Female,Black,Heavy,1,Misty Victoria Shearer,BRAZIL 021 INTERNATIONAL
Master 4,Female,Black,Heavy,2,Célia Regina Honorato de Oliveira,GF TEAM
Master 4,Female,Black,Super-Heavy,1,Karla Hipolito de Albuquerque,TOP BROTHER
Master 4,Female,Black,Super-Heavy,2,Melissa Lohsen,GRACIE ELITE TEAM
Master 4,Female,Black,Open Class,1,Karla Hipolito de Albuquerque,TOP BROTHER
Master 4,Female,Black,Open Class,2,Célia Regina Honorato de Oliveira,GF TEAM
Master 4,Female,Black,Open Class,3,Jaqueline de Fatima Lima,ATOS JIU-JITSU
Master 4,Female,Black,Open Class,3,Melissa Lohsen,GRACIE ELITE TEAM
Master 5,Male,Blue,Light-Feather,1,Jon S Kim,ALLIANCE
Master 5,Male,Blue,Light-Feather,2,Mitch Davis,ZENITH BJJ - LAS VEGAS
Master 5,Male,Blue,Light-Feather,3,David Wilhelmy,BJJ REVOLUTION TEAM
Master 5,Male,Blue,Feather,1,Jimmy Vitelli,"TEAM ROYCE GRACIE, WASHINGTON"
Master 5,Male,Blue,Feather,2,ove gusevik,FRONTLINE ACADEMY
Master 5,Male,Blue,Feather,3,Cristian Curt Goetz,EZEQUIEL MAS BJJ
Master 5,Male,Blue,Feather,3,Feliks Sukhovitsky,ALLIANCE
Master 5,Male,Blue,Light,1,Mark Rogers,RODRIGO VAGHI BJJ
Master 5,Male,Blue,Light,2,Michael Amico,BJJ REVOLUTION TEAM
Master 5,Male,Blue,Light,3,Ian Frederic Brown,ROLL JIU-JITSU ACADEMY
Master 5,Male,Blue,Light,3,Manuel G Ventura Jr,MARCO NASCIMENTO BJJ
Master 5,Male,Blue,Middle,1,Eric Perlman,ATOS JIU-JITSU
Master 5,Male,Blue,Middle,2,Clinton R Grim,CARLSON GRACIE TEAM
Master 5,Male,Blue,Middle,3,John Thomas D'Amico,BRAZILIAN TOP TEAM
Master 5,Male,Blue,Middle,3,Todd Thomas Siems,BRASA CTA
Master 5,Male,Blue,Medium-Heavy,1,Leonardo Pizzichi,BUDO CLAN
Master 5,Male,Blue,Medium-Heavy,2,Geoff Stoodley,CICERO COSTHA INTERNACIONAL
Master 5,Male,Blue,Medium-Heavy,3,ANTONIO MACHADO,GRACIE ELITE TEAM
Master 5,Male,Blue,Medium-Heavy,3,Scott Beall,ALLIANCE
Master 5,Male,Blue,Heavy,1,Trevor Burns,TEAM RUBAO CARIOCA BJJ
Master 5,Male,Blue,Heavy,2,David Albert Langfield,ALLIANCE
Master 5,Male,Blue,Heavy,3,Joseph Leon Guerrero,BJJ REVOLUTION TEAM
Master 5,Male,Blue,Heavy,3,Todd Forrest Barnard,MXT INTERNACIONAL
Master 5,Male,Blue,Super-Heavy,1,Barry Alan Fridley,VINNY MAGALHAES BJJ
Master 5,Male,Blue,Super-Heavy,2,John Rose,LEAD BJJ
Master 5,Male,Blue,Super-Heavy,3,Kip Simpson,GRACIE BARRA
Master 5,Male,Blue,Super-Heavy,3,Steve A Piwowar,TORRES MARTIAL ARTS ACADEMY
Master 5,Male,Blue,Ultra-Heavy,1,Scot Fitzgerald Stine,GF TEAM
Master 5,Male,Blue,Ultra-Heavy,2,Stefan Baumann,CARLSON GRACIE TEAM
Master 5,Male,Blue,Ultra-Heavy,3,Christopher Karris,ALLIANCE
Master 5,Male,Blue,Ultra-Heavy,3,Richard Farrell,THE INFERNO TRAINING AND PERFORMANCE CENTER
Master 5,Male,Blue,Open Class,1,Trevor Burns,TEAM RUBAO CARIOCA BJJ
Master 5,Male,Blue,Open Class,2,Barry Alan Fridley,VINNY MAGALHAES BJJ
Master 5,Male,Blue,Open Class,3,Leonardo Pizzichi,BUDO CLAN
Master 5,Male,Blue,Open Class,3,Scot Fitzgerald Stine,GF TEAM
Master 5,Female,Blue,Rooster,1,Alexandria Miok Toguchi,ZENITH BJJ - LAS VEGAS
Master 5,Female,Blue,Rooster,2,Makeda Wubneh,NOVA UNIÃO
Master 5,Female,Blue,Light-Feather,1,Carolann Gosnell,SOUL FIGHTERS BJJ
Master 5,Female,Blue,Light-Feather,2,Hooi Ling Soh,CHECKMAT
Master 5,Female,Blue,Light-Feather,3,Sharon Sierra,AMERICAN TOP TEAM
Master 5,Female,Blue,Feather,1,Diane Maier,BRASA CTA
Master 5,Female,Blue,Feather,2,Toshie Otake,S/WELLS JIU-JITSU GYM
Master 5,Female,Blue,Feather,3,Stephanie Stout,RIBEIRO JIU-JITSU
Master 5,Female,Blue,Light,1,Kerri-anne Sullivan,BRASA CTA
Master 5,Female,Blue,Light,2,Lisa Ann Cheatham,MARACABA BJJ
Master 5,Female,Blue,Light,3,Dolonna Brush,GRACIE HUMAITA
Master 5,Female,Blue,Light,3,Linda Castro,ALOHA ROLL ACADEMY
Master 5,Female,Blue,Middle,1,Juliana Flores-Casaus,G13 BJJ USA
Master 5,Female,Blue,Middle,2,Wendy Petko,CASSIO WERNECK BJJ
Master 5,Female,Blue,Super-Heavy,1,Brittney McAlister,GRACIE ELITE TEAM
Master 5,Female,Blue,Super-Heavy,2,Gillian Boyd,CARLSON GRACIE TEAM
Master 5,Female,Blue,Super-Heavy,3,Kathy Butler,BRASA CTA
Master 5,Female,Blue,Open Class,1,Brittney McAlister,GRACIE ELITE TEAM
Master 5,Female,Blue,Open Class,2,Diane Maier,BRASA CTA
Master 5,Female,Blue,Open Class,3,Gillian Boyd,CARLSON GRACIE TEAM
Master 5,Female,Blue,Open Class,3,Toshie Otake,S/WELLS JIU-JITSU GYM
Master 5,Male,Purple,Light-Feather,1,Ivan Reilly,RICK YOUNG BJJ ACADEMY
Master 5,Male,Purple,Light-Feather,2,Michael Silverman,CRAZY 88
Master 5,Male,Purple,Light-Feather,3,Carlos Quitugua,ALLIANCE
Master 5,Male,Purple,Light-Feather,3,James M Glynn,GRACIE BARRA
Master 5,Male,Purple,Feather,1,Shouichi Kubo,IMPACTO JAPAN B.J.J.
Master 5,Male,Purple,Feather,2,Steven Tarrago,MARIO SPERRY JIU-JITSU
Master 5,Male,Purple,Feather,3,Darrin Neil Tinsley,GRACIE ELITE TEAM
Master 5,Male,Purple,Feather,3,Hisayuki Matsushita,EXCELLENCE SCHOOL OF JIU-JITSU USA
Master 5,Male,Purple,Light,1,Andrew Hay,GRACIE BARRA
Master 5,Male,Purple,Light,2,Alexis Nixon,GRACIE BARRA
Master 5,Male,Purple,Light,3,sasha babic,GRACIE HUMAITA
Master 5,Male,Purple,Light,3,Timothy Irvin Funk,ZINGANO BRAZILIAN JIU-JITSU
Master 5,Male,Purple,Middle,1,Marc Dezeuze,BRAZILIAN POWER TEAM INTERNATIONAL
Master 5,Male,Purple,Middle,2,Brian Tully,GRACIE BARRA JJ
Master 5,Male,Purple,Middle,3,Kevin James Craig,RELSON GRACIE
Master 5,Male,Purple,Middle,3,Maro Maro Chioccarello Junior Junior,GRACIE BARRA
Master 5,Male,Purple,Medium-Heavy,1,Nathaniel Fowler Jr,LEAD BJJ
Master 5,Male,Purple,Medium-Heavy,2,James Thomas Hooton,JIU-JITSU FOR LIFE TEAM
Master 5,Male,Purple,Medium-Heavy,3,Jay Lewis,NOVA UNIÃO
Master 5,Male,Purple,Medium-Heavy,3,Les Owen,MASSACHUSETTS BRAZILIAN JIU JITSU
Master 5,Male,Purple,Heavy,1,Michael Richard Smith,CASA OF JIU-JITSU
Master 5,Male,Purple,Heavy,2,Scott Cook,SAS TEAM
Master 5,Male,Purple,Heavy,3,Bardomiano Martinez III,GRACIE BARRA
Master 5,Male,Purple,Super-Heavy,1,Michael Simmons,BJJ GLOBETROTTERS
Master 5,Male,Purple,Super-Heavy,2,Cortney Steven Able,GRACIE JIU-JITSU ACADEMY
Master 5,Male,Purple,Super-Heavy,3,Romeo De Los Reyes,RAMONA BJJ
Master 5,Male,Purple,Super-Heavy,3,Yeongho Kim,ALLIANCE
Master 5,Male,Purple,Ultra-Heavy,1,Noel Morgan,SOUL FIGHTERS BJJ
Master 5,Male,Purple,Ultra-Heavy,2,Andreas Met,10TH PLANET JIU JITSU
Master 5,Male,Purple,Ultra-Heavy,3,David Akina,ALEX MARTINS BRAZILIAN JIU-JITSU
Master 5,Male,Purple,Open Class,1,Andreas Met,10TH PLANET JIU JITSU
Master 5,Male,Purple,Open Class,2,Marc Dezeuze,BRAZILIAN POWER TEAM INTERNATIONAL
Master 5,Male,Purple,Open Class,3,James Thomas Hooton,JIU-JITSU FOR LIFE TEAM
Master 5,Male,Purple,Open Class,3,Michael Richard Smith,CASA OF JIU-JITSU
Master 5,Female,Purple,Feather,1,Peggy Barber,LEAD BJJ
Master 5,Female,Purple,Feather,2,Marilyn Wong,RIBEIRO JIU-JITSU
Master 5,Female,Purple,Feather,3,Genevieve Barrett,GRACIE BARRA
Master 5,Female,Purple,Light,1,Kathryn Hubble,PACIFIC TOP TEAM
Master 5,Female,Purple,Light,2,Lesley Maclean,GRACIE BARRA
Master 5,Female,Purple,Light,3,Carolyn S. Long,SERRA BJJ ACADEMY
Master 5,Female,Purple,Light,3,Laura Bradford,INDIANA BRAZILIAN JIU-JITSU ACADEMY
Master 5,Female,Purple,Medium-Heavy,1,Anjani Siddhartha,GRACIE JIU-JITSU ACADEMY
Master 5,Female,Purple,Medium-Heavy,2,Maria Isabel Di Pilla,GRACIE BARRA
Master 5,Female,Purple,Heavy,1,Karen Lynn Burns,ABSOLUTE BEHRING
Master 5,Female,Purple,Heavy,2,Jodi Lynn Schwartz,GRACIE TAMPA SOUTH
Master 5,Female,Purple,Heavy,3,Betty W. Broadhurst,R1NG BJJ
Master 5,Female,Purple,Heavy,3,Sylvia Harrison,CARLSON GRACIE TEAM
Master 5,Female,Purple,Super-Heavy,1,Rosangela Texeira da Silva,GRACIE ELITE TEAM
Master 5,Female,Purple,Open Class,1,Kathryn Hubble,PACIFIC TOP TEAM
Master 5,Female,Purple,Open Class,2,Jodi Lynn Schwartz,GRACIE TAMPA SOUTH
Master 5,Female,Purple,Open Class,3,Laura Bradford,INDIANA BRAZILIAN JIU-JITSU ACADEMY
Master 5,Female,Purple,Open Class,3,Rosangela Texeira da Silva,GRACIE ELITE TEAM
Master 5,Male,Brown,Light-Feather,1,Tobias Tenorio,BRASA CTA
Master 5,Male,Brown,Feather,1,Larry An,DETROIT JIU-JITSU ACADEMY
Master 5,Male,Brown,Feather,2,Alfred Hogan,TEAM RANDORI MARTIAL ARTS
Master 5,Male,Brown,Feather,3,joe barcelone,BALANCE
Master 5,Male,Brown,Feather,3,Reuben Torres,COALITION 95
Master 5,Male,Brown,Light,1,Anthony Leonard Vitullo,CHECKMAT
Master 5,Male,Brown,Light,2,John Cambronero,SERRA BJJ ACADEMY
Master 5,Male,Brown,Light,3,Markku Turpeinen,BARRETO JIU-JITSU FINLAND
Master 5,Male,Brown,Light,3,Sean Kline,GRACIE ELITE TEAM
Master 5,Male,Brown,Middle,1,Marcelo Valentim Pires,MAROMBA ACADEMIA
Master 5,Male,Brown,Middle,2,Alan Choate,BRASA CTA
Master 5,Male,Brown,Middle,3,Marc Vetri,PRECISION JIU-JITSU
Master 5,Male,Brown,Middle,3,Randy Patterson,JIU-JITSU FOR LIFE TEAM
Master 5,Male,Brown,Medium-Heavy,1,Imre Pogacsas,CASA OF JIU-JITSU
Master 5,Male,Brown,Medium-Heavy,2,Scott Roffers,WISCONSIN 360 JIU-JITSU
Master 5,Male,Brown,Medium-Heavy,3,Adam Barbee,UNITY JIU-JITSU
Master 5,Male,Brown,Medium-Heavy,3,Gene Cook,CARLSON GRACIE TEAM
Master 5,Male,Brown,Heavy,1,TIm Church,BRAZILIAN TOP TEAM
Master 5,Male,Brown,Heavy,2,Fabrice Poigin,GRACIE ALLEGIANCE
Master 5,Male,Brown,Heavy,3,Charles York,GF TEAM
Master 5,Male,Brown,Heavy,3,William Wolfle,TEAM SHAWN HAMMONDS
Master 5,Male,Brown,Super-Heavy,1,Pound Lamb,TEAM SHAWN HAMMONDS
Master 5,Male,Brown,Super-Heavy,2,R. Allen Wrench,C-QUENCE
Master 5,Male,Brown,Super-Heavy,3,peter oberc,SOUL FIGHTERS BJJ
Master 5,Male,Brown,Super-Heavy,3,Robert Lee,BALLARD JIU-JITSU
Master 5,Male,Brown,Ultra-Heavy,1,Tom Edward Hammonds III,DE LA RIVA JIU-JITSU USA
Master 5,Male,Brown,Ultra-Heavy,2,Robert Parsons,IMPACT JIU JITSU
Master 5,Male,Brown,Ultra-Heavy,3,Samir Iskandarani,GRACIE BARRA
Master 5,Male,Brown,Open Class,1,Scott Roffers,WISCONSIN 360 JIU-JITSU
Master 5,Male,Brown,Open Class,2,Larry An,DETROIT JIU-JITSU ACADEMY
Master 5,Male,Brown,Open Class,3,Imre Pogacsas,CASA OF JIU-JITSU
Master 5,Male,Brown,Open Class,3,Robert Lee,BALLARD JIU-JITSU
Master 5,Female,Brown,Super-Heavy,1,Sirley Almeida Adelino Baião,GF TEAM
Master 5,Female,Brown,Open Class,1,Sirley Almeida Adelino Baião,GF TEAM
Master 5,Male,Black,Rooster,1,Yuji Takakura,PATO STUDIO
Master 5,Male,Black,Rooster,2,Rokha Srey,CHECKMAT
Master 5,Male,Black,Light-Feather,1,José Manuel Varela Sanchez,KMR BJJ KIMURA
Master 5,Male,Black,Light-Feather,2,Kelly Gerald Johnson,PEDRO SAUER TEAM
Master 5,Male,Black,Light-Feather,3,Claudionor Cardoso da Silva,EQ. CLAUDIONOR CARDOSO
Master 5,Male,Black,Light-Feather,3,Jeremias Cassemiro Alves Silva,CAMPEÕES ESPERANÇA JIU-JITSU TEAM
Master 5,Male,Black,Feather,1,Renato Sampaio Tavares Filho,RENATO TAVARES ASSOCIATION
Master 5,Male,Black,Feather,2,Sami Muhi Eddin Mohammad Al Jamal,SAMY AL JAMAL
Master 5,Male,Black,Feather,3,James Whyte IV,SOUL FIGHTERS BJJ
Master 5,Male,Black,Feather,3,Michael Martin Westcott,GRACIE BARRA
Master 5,Male,Black,Light,1,Marco Antonio Barbosa,BARBOSA JIU-JITSU
Master 5,Male,Black,Light,2,John Baylon,CLUBE DE JIU-JITSU FILIPINAS
Master 5,Male,Black,Light,3,Robert Joseph Defranco,OCTAGON MMA
Master 5,Male,Black,Light,3,Wellington Leal Dias,GRACIE HUMAITA
Master 5,Male,Black,Middle,1,Joel T. Gingery,ALLIANCE
Master 5,Male,Black,Middle,2,Nelson Couto Monteiro Jr.,GRACIE BARRA
Master 5,Male,Black,Middle,3,Marcelo Capo Martins,CHECKMAT
Master 5,Male,Black,Middle,3,Souleymane Dicko,MAKO TEAM PARIS
Master 5,Male,Black,Medium-Heavy,1,Paul Leon Nava,ARES BJJ
Master 5,Male,Black,Medium-Heavy,2,Vincent H. Perez,CHECKMAT
Master 5,Male,Black,Medium-Heavy,3,Anthony Alexander,CARLSON GRACIE TEAM
Master 5,Male,Black,Medium-Heavy,3,Henry Panek,SOUTH ISLAND BJJ
Master 5,Male,Black,Heavy,1,Luiz Eduardo Rocha de Faria,RIBEIRO JIU-JITSU
Master 5,Male,Black,Heavy,2,Hartmut Heske,MACH ONE
Master 5,Male,Black,Heavy,3,John M Beecher,R1NG BJJ
Master 5,Male,Black,Heavy,3,Saad Al-Aziz,LUIZ PALHARES JIU JITSU
Master 5,Male,Black,Super-Heavy,1,Adrien Roberto Domingues,GF TEAM
Master 5,Male,Black,Super-Heavy,2,Milton Regis de Almeida,KIOTO BJJ
Master 5,Male,Black,Super-Heavy,3,Amilcar Cipili,GRACIE HUMAITA LAS VEGAS
Master 5,Male,Black,Super-Heavy,3,Brian William Lewis,ALLIANCE
Master 5,Male,Black,Ultra-Heavy,1,Harold Oliver Jones Jr.,CARLSON GRACIE TEAM
Master 5,Male,Black,Ultra-Heavy,2,José Mário Sperry,MARIO SPERRY JIU-JITSU
Master 5,Male,Black,Ultra-Heavy,3,Damon Edwards,GRACIE BARRA
Master 5,Male,Black,Ultra-Heavy,3,Jeffrey Curtis Russell,RIBEIRO JIU-JITSU
Master 5,Male,Black,Open Class,1,Marco Antonio Barbosa,BARBOSA JIU-JITSU
Master 5,Male,Black,Open Class,2,Luiz Eduardo Rocha de Faria,RIBEIRO JIU-JITSU
Master 5,Male,Black,Open Class,3,Adrien Roberto Domingues,GF TEAM
Master 5,Male,Black,Open Class,3,Saad Al-Aziz,LUIZ PALHARES JIU JITSU
Master 5,Female,Black,Feather,1,Felicia Oh,JEAN JACQUES MACHADO BJJ
Master 5,Female,Black,Medium-Heavy,1,Sonya M. B. Plavcan,ALLIANCE
Master 5,Female,Black,Medium-Heavy,2,Jeane Anne Saari-Ruiz,GF TEAM
Master 5,Female,Black,Medium-Heavy,3,Michele Colon,RCJ MACHADO
Master 5,Female,Black,Open Class,1,Sonya M. B. Plavcan,ALLIANCE
Master 5,Female,Black,Open Class,2,Felicia Oh,JEAN JACQUES MACHADO BJJ
Master 5,Female,Black,Open Class,3,Jeane Anne Saari-Ruiz,GF TEAM
Master 6,Male,Blue,Light-Feather,1,Jamie Smith,GF TEAM
Master 6,Male,Blue,Light-Feather,2,Lawrence George McLaren,N.W. JIU-JITSU ACADEMY - MAPLE RIDGE
Master 6,Male,Blue,Feather,1,Brad Schulte,UFC GYM
Master 6,Male,Blue,Feather,2,Michael Victor Barszcz,GRACIE BARRA
Master 6,Male,Blue,Feather,3,Anthony Joseph Arce,BARBOSA JIU-JITSU USA
Master 6,Male,Blue,Light,1,David Langiulli,PAULO RIBEIRO BRAZILIAN JIU JITSU TEAM
Master 6,Male,Blue,Light,2,Robert Kelly Gleason,MARCELLO C MONTEIRO BRAZILIAN JIU JITSU ACADEMY
Master 6,Male,Blue,Light,3,Gregory Wayne Grazdan,GF TEAM
Master 6,Male,Blue,Middle,1,Jesse M Font,RODRIGO PINHEIRO BJJ
Master 6,Male,Blue,Middle,2,Fernando Ayax Alvarado,MAURO SERGIO BJJ
Master 6,Male,Blue,Middle,3,Alain Bourguetou,KMR BJJ KIMURA
Master 6,Male,Blue,Middle,3,Newell Woodward,GRACIE BARRA JJ
Master 6,Male,Blue,Medium-Heavy,1,Robby Carlos Vann,BOCA DE LA RIVA
Master 6,Male,Blue,Medium-Heavy,2,Frank David Torres,GRACIE BARRA
Master 6,Male,Blue,Medium-Heavy,3,Donald Michael Gilbert,ANCHORAGE BRAZILIAN JIU JITSU
Master 6,Male,Blue,Medium-Heavy,3,Gregory Joseph Cuomo,ALLIANCE
Master 6,Male,Blue,Heavy,1,Pierre Yves Joseph Laurent,GRACIE HUMAITA
Master 6,Male,Blue,Heavy,2,David Eilers,ALLIANCE
Master 6,Male,Blue,Heavy,3,John Varley,FUDOSHIN BRAZILIAN JIU-JITSU
Master 6,Male,Blue,Heavy,3,Michael Dean Geasley,TONY PASSOS JIU-JITSU
Master 6,Male,Blue,Super-Heavy,1,Gary E Wood,CASCAO JIU-JITSU
Master 6,Male,Blue,Super-Heavy,2,John Beaver,ZR TEAM ASSOCIATION
Master 6,Male,Blue,Super-Heavy,3,Kamal Berrada,WARRIOR MMA & JIU JITSU
Master 6,Male,Blue,Ultra-Heavy,1,Denis Guillaume,KMR BJJ KIMURA
Master 6,Male,Blue,Ultra-Heavy,2,Johnny Eugene Lindsey,PRESA BRAZILIAN JIU-JITSU
Master 6,Male,Blue,Open Class,1,Denis Guillaume,KMR BJJ KIMURA
Master 6,Male,Blue,Open Class,2,Pierre Yves Joseph Laurent,GRACIE HUMAITA
Master 6,Male,Blue,Open Class,3,David Eilers,ALLIANCE
Master 6,Male,Blue,Open Class,3,Robert Kelly Gleason,MARCELLO C MONTEIRO BRAZILIAN JIU JITSU ACADEMY
Master 6,Female,Blue,Light,1,Melody Fortunato,TRIBAL GYM
Master 6,Female,Blue,Light,2,Meishuku Ishimura,NEXUSENSE
Master 6,Female,Blue,Light,3,Karen Santola Tarson,GRACIE ELITE TEAM
Master 6,Female,Blue,Light,3,Merilee Anne Maira,MPR ENDURANCE
Master 6,Female,Blue,Open Class,1,Merilee Anne Maira,MPR ENDURANCE
Master 6,Male,Purple,Feather,1,John Mulgrave,HGJJ USA
Master 6,Male,Purple,Feather,2,Hector Ruiz,GF TEAM
Master 6,Male,Purple,Feather,3,Glenn Kuwata,LANSANG BRAZILIAN JIU-JITSU
Master 6,Male,Purple,Feather,3,Vince Michael DeNunzio,RIBEIRO JIU-JITSU
Master 6,Male,Purple,Light,1,Steven Curtis Shearon,RIBEIRO JIU-JITSU
Master 6,Male,Purple,Light,2,Richard William Jones,VICENTE JR. TEAM
Master 6,Male,Purple,Light,3,Bryan Baker,MCVICKER'S BRAZILIAN JIU JITSU
Master 6,Male,Purple,Light,3,Jonathan Carpenter,UNIFIED JIU JITSU
Master 6,Male,Purple,Middle,1,Allan Scott,YEMASO BRAZILIAN JIU-JITSU
Master 6,Male,Purple,Middle,2,Matthew Clyde Grant,RIBEIRO JIU-JITSU
Master 6,Male,Purple,Middle,3,Eder Poli,GRACIE BARRA
Master 6,Male,Purple,Middle,3,Gary T. Blasco,PELLEGRINO MIXED MARTIAL ARTS
Master 6,Male,Purple,Medium-Heavy,1,Marty Randall Josey,PEDRO SAUER TEAM
Master 6,Male,Purple,Medium-Heavy,2,Kevin W. Rowland,CLEBER JIU JITSU VISALIA
Master 6,Male,Purple,Medium-Heavy,3,John Burke,CONNORS MMA
Master 6,Male,Purple,Medium-Heavy,3,Lloyd Anderson,BJJ GLOBETROTTERS
Master 6,Male,Purple,Heavy,1,David Frech,KRONOS BJJ
Master 6,Male,Purple,Heavy,2,Eric Manning,PARAGON BJJ THOUSAND OAKS
Master 6,Male,Purple,Super-Heavy,1,John Alevizos,R1NG BJJ
Master 6,Male,Purple,Super-Heavy,2,Mark Lippert,GARTH TAYLOR JIU-JITSU
Master 6,Male,Purple,Ultra-Heavy,1,John Arthur McDaniel,GRACIE ELITE TEAM
Master 6,Male,Purple,Ultra-Heavy,2,Gabriel John Austin,MYBJJ TEAM
Master 6,Male,Purple,Ultra-Heavy,3,Terry Stephens,SOUL FIGHTERS BJJ
Master 6,Male,Purple,Ultra-Heavy,3,Tim Thompson,GRACIE BARRA
Master 6,Male,Purple,Open Class,1,Gabriel John Austin,MYBJJ TEAM
Master 6,Male,Purple,Open Class,2,David Frech,KRONOS BJJ
Master 6,Male,Purple,Open Class,3,Eder Poli,GRACIE BARRA
Master 6,Male,Purple,Open Class,3,John Alevizos,R1NG BJJ
Master 6,Male,Brown,Light-Feather,1,Daniel A. Medalie,HURRICANE JIU-JITSU
Master 6,Male,Brown,Light-Feather,2,Pablo Luis Arroyo,NOVA UNIÃO
Master 6,Male,Brown,Light-Feather,3,Richard Cerruto,BLACK HOLE JIU-JITSU
Master 6,Male,Brown,Feather,1,Nathan Chesmore,INFINITE JIU JITSU
Master 6,Male,Brown,Feather,2,Jeff Humphrey,ALLIANCE
Master 6,Male,Brown,Feather,3,Dan Segawa,UFC GYM
Master 6,Male,Brown,Feather,3,Daniel Cullen Daly,SYNERGY BRAZILIAN JIU JITSU
Master 6,Male,Brown,Light,1,Anthony Anderson,GRACIE ALLEGIANCE
Master 6,Male,Brown,Light,2,Chris Acarregui,CASCAO JIU-JITSU
Master 6,Male,Brown,Light,3,Richard Moses,RIBEIRO JIU-JITSU
Master 6,Male,Brown,Middle,1,Ricardo Montelongo,RODRIGO PINHEIRO BJJ
Master 6,Male,Brown,Middle,2,Ken Winnik,NOVA UNIÃO
Master 6,Male,Brown,Middle,3,John Burns,GRACIE BARRA
Master 6,Male,Brown,Middle,3,Jose Joao Mansure,GRACIE BARRA
Master 6,Male,Brown,Medium-Heavy,1,Harry Porcher,RENATO TAVARES ASSOCIATION
Master 6,Male,Brown,Medium-Heavy,2,Meier Ohlgisser,ZR TEAM ASSOCIATION
Master 6,Male,Brown,Medium-Heavy,3,Kari Saarinen,CHECKMAT
Master 6,Male,Brown,Medium-Heavy,3,Robert Cecil Mcdowell,PEDRO SAUER TEAM
Master 6,Male,Brown,Heavy,1,Fernando Aparecido do Amaral,LÓTUS CLUB
Master 6,Male,Brown,Heavy,2,Michael Jones,GRACIE BARRA
Master 6,Male,Brown,Heavy,3,Alberto Edmundo Almeida MD,GRACIE BARRA
Master 6,Male,Brown,Ultra-Heavy,1,James C Singeltary,TEAM LINK
Master 6,Male,Brown,Ultra-Heavy,2,Michael Helm,RIBEIRO JIU-JITSU
Master 6,Male,Brown,Ultra-Heavy,3,Henriks Kontauts,GRACIE BARRA
Master 6,Male,Brown,Open Class,1,Fernando Aparecido do Amaral,LÓTUS CLUB
Master 6,Male,Brown,Open Class,2,Meier Ohlgisser,ZR TEAM ASSOCIATION
Master 6,Male,Brown,Open Class,3,Chris Acarregui,CASCAO JIU-JITSU
Master 6,Male,Brown,Open Class,3,Robert Cecil Mcdowell,PEDRO SAUER TEAM
Master 6,Female,Brown,Light,1,Cynthia A Fink,ALLIANCE
Master 6,Female,Brown,Light,2,Aristea Kinney,NOVA UNIÃO
Master 6,Female,Brown,Medium-Heavy,1,Lucretia Bolin,EJD/RGT
Master 6,Female,Brown,Open Class,1,Cynthia A Fink,ALLIANCE
Master 6,Female,Brown,Open Class,2,Lucretia Bolin,EJD/RGT
Master 6,Male,Black,Light-Feather,1,Gil Abigail Bosque,VICENTE JR. TEAM
Master 6,Male,Black,Feather,1,Kouichi Kamitanida,NEWAZA WORLD SAKURAJIMA
Master 6,Male,Black,Feather,2,Dulciney Matos de Lima,GRACIE HUMAITA
Master 6,Male,Black,Feather,3,Kevin Anthony Moran,CARLSON GRACIE TEAM
Master 6,Male,Black,Light,1,Raphael Schmitz,SCHMITZ TEAM
Master 6,Male,Black,Light,2,Perry Ronald Bateson,N.W. JIU-JITSU ACADEMY - MAPLE RIDGE
Master 6,Male,Black,Light,3,Evandro Alves Nascimento,RAIZ JIU-JITSU
Master 6,Male,Black,Light,3,Joseph Castillo,LEAD BJJ
Master 6,Male,Black,Middle,1,Robert George Marvin,LEAD BJJ
Master 6,Male,Black,Middle,2,John Joseph Connors,CONNORS MMA
Master 6,Male,Black,Middle,3,Bruce Anthony Tafoya,CLEBER JIU JITSU
Master 6,Male,Black,Middle,3,Gustavo Guadalupe Enriquez,INFINITE JIU JITSU
Master 6,Male,Black,Medium-Heavy,1,Benett S. Guerriero,AMERICAN TOP TEAM
Master 6,Male,Black,Medium-Heavy,2,Anthony Harris,TEAM LLOYD IRVIN
Master 6,Male,Black,Medium-Heavy,3,Pedro Ubaldo Diaz,NOVA UNIÃO
Master 6,Male,Black,Medium-Heavy,3,Ronald Ray Hale,AMERICAN TOP TEAM
Master 6,Male,Black,Heavy,1,Brian Carl Germain,CARLSON GRACIE TEAM
Master 6,Male,Black,Heavy,2,Van Dyck Oliveira,JOÃO ROQUE JJ
Master 6,Male,Black,Heavy,3,Carlos Aldair Medeiros dos Santos,NOVA UNIÃO
Master 6,Male,Black,Heavy,3,Takeo Jon Kingi,PARAGON BJJ ACADEMY
Master 6,Male,Black,Super-Heavy,1,Gokor Grigor Chivichyan,HAYASTAN MMA
Master 6,Male,Black,Super-Heavy,2,Renier Nuno,NOVA UNIÃO
Master 6,Male,Black,Super-Heavy,3,Don Wascher,UFLACKER ACADEMY
Master 6,Male,Black,Super-Heavy,3,Kelly Don Rundle,RENATO TAVARES ASSOCIATION
Master 6,Male,Black,Ultra-Heavy,1,John David Barrera,PRESA BRAZILIAN JIU-JITSU
Master 6,Male,Black,Ultra-Heavy,2,Phil Dunlap,CARLSON GRACIE TEAM
Master 6,Male,Black,Ultra-Heavy,3,Arthur Cantu,BRASA CTA
Master 6,Male,Black,Open Class,1,John David Barrera,PRESA BRAZILIAN JIU-JITSU
Master 6,Male,Black,Open Class,2,Gustavo Guadalupe Enriquez,INFINITE JIU JITSU
Master 6,Male,Black,Open Class,3,Van Dyck Oliveira,JOÃO ROQUE JJ
Master 6,Female,Black,Light,1,Andrea Muccini,KIMURA BJJ USA
Master 6,Female,Black,Light,2,Solange das Neves Russi de Lima,CHECKMAT
Master 6,Female,Black,Light,3,Kim Blake,RCJ MACHADO
Master 6,Female,Black,Open Class,1,Solange das Neves Russi de Lima,CHECKMAT
Master 7,Male,Blue,Feather,1,Vadim G Evenbach,RALPH GRACIE
Master 7,Male,Blue,Feather,2,Ernest Michael McCormick,ROLL JIU-JITSU ACADEMY
Master 7,Male,Blue,Light,1,Emilio Marrello,PACIFIC TOP TEAM
Master 7,Male,Blue,Light,2,John Zilch,GRACIE HUMAITA
Master 7,Male,Blue,Light,3,Donald Klein,GRACIE BARRA
Master 7,Male,Blue,Light,3,Neil Spinks,GF TEAM
Master 7,Male,Blue,Middle,1,Jerome Mcbride,NOLA BRAZILIAN JIU-JITSU
Master 7,Male,Blue,Middle,2,Gary Foster,ALLIANCE
Master 7,Male,Blue,Middle,3,R. Dirk Anderson,PARAGON BJJ ACADEMY
Master 7,Male,Blue,Middle,3,Ron Bass,RUBALCAVA JIU-JITSU
Master 7,Male,Blue,Medium-Heavy,1,Thomas Aquinas Boesen,TEAM JUCÃO
Master 7,Male,Blue,Medium-Heavy,2,Michael Rex Erwin,THE JIU-JITSU ACADEMY
Master 7,Male,Blue,Medium-Heavy,3,JP Sullivan,ARES BJJ
Master 7,Male,Blue,Medium-Heavy,3,Tomislav Steve Peric,BALANCE
Master 7,Male,Blue,Heavy,1,Dean M. Brewer,TEAM CAPO BRAZILIAN JIU-JITSU
Master 7,Male,Blue,Heavy,2,Louis G Femia,TEAM JUCÃO
Master 7,Male,Blue,Heavy,3,Michael Louis Andries,GF TEAM
Master 7,Male,Blue,Open Class,1,Gary Foster,ALLIANCE
Master 7,Male,Blue,Open Class,2,Michael Louis Andries,GF TEAM
Master 7,Female,Blue,Light-Feather,1,Susan Ellen Burger,NOVA UNIÃO
Master 7,Female,Blue,Light-Feather,2,Elaine Beiersdoerfer,GRACIE BARRA
Master 7,Female,Blue,Feather,1,Sandi Duquette,YAMASAKI ACADEMY
Master 7,Female,Blue,Open Class,1,Susan Ellen Burger,NOVA UNIÃO
Master 7,Female,Blue,Open Class,2,Elaine Beiersdoerfer,GRACIE BARRA
Master 7,Female,Blue,Open Class,3,Sandi Duquette,YAMASAKI ACADEMY
Master 7,Male,Purple,Feather,1,Michael Zarroli,BIG BROTHERS
Master 7,Male,Purple,Feather,2,Carlos Jorge Nunes Lopes Tavares,NETTO BRAZILIAN JIU-JITSU
Master 7,Male,Purple,Feather,3,Robert Owens,UZCATEGUI BRAZILIAN JIU-JITSU
Master 7,Male,Purple,Light,1,Major Kenneth Stewart,RODRIGO VAGHI BJJ
Master 7,Male,Purple,Light,2,Neil Russell Stiles,ELITE FORCE BJJ
Master 7,Male,Purple,Medium-Heavy,1,Ricardo Ferreira Ayres,ALLIANCE
Master 7,Male,Purple,Medium-Heavy,2,Michael George Andrews,ALLIANCE
Master 7,Male,Purple,Medium-Heavy,3,Robert Ryckman,GRACIE ELITE TEAM
Master 7,Male,Purple,Medium-Heavy,3,Tom Watkins,CARLSON GRACIE TEAM
Master 7,Male,Purple,Heavy,1,Keith Mateychick,RENATO TAVARES ASSOCIATION
Master 7,Male,Purple,Heavy,2,Philip George Rinaldi,AMERICAN TOP TEAM
Master 7,Male,Purple,Heavy,3,Daniel W. Hudson,DDR JIU JITSU
Master 7,Male,Purple,Ultra-Heavy,1,David Eugene Brown,HALCYON JIU-JITSU
Master 7,Male,Purple,Ultra-Heavy,2,William Leroy Brady,RIBEIRO JIU-JITSU
Master 7,Male,Purple,Open Class,1,David Eugene Brown,HALCYON JIU-JITSU
Master 7,Male,Purple,Open Class,2,Michael George Andrews,ALLIANCE
Master 7,Male,Purple,Open Class,3,Major Kenneth Stewart,RODRIGO VAGHI BJJ
Master 7,Male,Purple,Open Class,3,Ricardo Ferreira Ayres,ALLIANCE
Master 7,Male,Brown,Light-Feather,1,Brian Clark Herskowitz,HOLLYWOOD BRAZILIAN JIU JITSU
Master 7,Male,Brown,Light-Feather,2,Sig Luther,RIBEIRO JIU-JITSU
Master 7,Male,Brown,Light,1,Kevin Hebert,CAIQUE JIU-JITSU
Master 7,Male,Brown,Light,2,David Louis Ratner,SOUL FIGHTERS BJJ
Master 7,Male,Brown,Light,3,Andrew Saam,GRACIE HUMAITA
Master 7,Male,Brown,Light,3,Walter Power,RCJJ - CAPORAL
Master 7,Male,Brown,Medium-Heavy,1,Shane O'Neill,RIBEIRO JIU-JITSU
Master 7,Male,Brown,Super-Heavy,1,Richard Allen,COACHELLA VALLEY BJJ
Master 7,Male,Brown,Super-Heavy,2,Edgar Jonathan Lisansky,GRACIE BARRA
Master 7,Male,Brown,Open Class,1,Shane O'Neill,RIBEIRO JIU-JITSU
Master 7,Male,Brown,Open Class,2,Richard Allen,COACHELLA VALLEY BJJ
Master 7,Male,Brown,Open Class,3,Brian Clark Herskowitz,HOLLYWOOD BRAZILIAN JIU JITSU
Master 7,Female,Brown,Light,1,Brenda G King,JEAN JACQUES MACHADO BJJ
Master 7,Female,Brown,Light,2,Diana G. Weisbach,GF TEAM
Master 7,Male,Black,Light-Feather,1,Kenneth Wayne Cameron,GRACIE ELITE TEAM
Master 7,Male,Black,Feather,1,Glenn C. Jarrell,A-FORCE BRAZILIAN JIU-JITSU
Master 7,Male,Black,Feather,2,Hisao Takahashi,TRI-FORCE JIU-JITSU ACADEMY
Master 7,Male,Black,Feather,3,Igor Dominguez Andrade,GRACIE BARRA
Master 7,Male,Black,Light,1,M. Patrick Worley,ALLIANCE
Master 7,Male,Black,Light,2,David Isaac da Cunha Rosadas,ALLIANCE
Master 7,Male,Black,Light,3,Marcio Gomes Dias,BARBOSA JIU-JITSU
Master 7,Male,Black,Light,3,Norman Samuel Fulton,ZENITH BJJ - LAS VEGAS
Master 7,Male,Black,Middle,1,Bruce L. Singer,GRACIE BARRA
Master 7,Male,Black,Middle,2,Paulo Cesar dos Santos Oliveira,GF TEAM
Master 7,Male,Black,Middle,3,Luiz Humberto de Queiroz Guerra,GRACIE BARRA
Master 7,Male,Black,Medium-Heavy,1,Brian Edward Beauchamp,FABRICIO INTERNATIONAL TEAM
Master 7,Male,Black,Medium-Heavy,2,Shaun Donald Holmstrom,ZENITH BJJ - CANADA
Master 7,Male,Black,Medium-Heavy,3,Dean Williams,EVOLVE MMA
Master 7,Male,Black,Medium-Heavy,3,Eduardo Benoliel,GRACIE HUMAITA
Master 7,Male,Black,Heavy,1,Joseph Edgar Paradis Jr.,NEW ENGLAND UNITED BJJ
Master 7,Male,Black,Heavy,2,Doug D'Anna,MARCO NASCIMENTO BJJ
Master 7,Male,Black,Heavy,3,James Curtis Lee,RIBEIRO JIU-JITSU
Master 7,Male,Black,Heavy,3,Richard J. Kotasek,PEDRO SAUER TEAM
Master 7,Male,Black,Super-Heavy,1,Marco Antonio Araujo Pena,GRACIE BARRA
Master 7,Male,Black,Super-Heavy,2,John Parker Lapp,BRASA CTA
Master 7,Male,Black,Ultra-Heavy,1,Jay Hunsucker,THE JIU-JITSU ACADEMY
Master 7,Male,Black,Open Class,1,Brian Edward Beauchamp,FABRICIO INTERNATIONAL TEAM
Master 7,Male,Black,Open Class,2,Luiz Humberto de Queiroz Guerra,GRACIE BARRA
Master 7,Male,Black,Open Class,3,John Parker Lapp,BRASA CTA
Master 7,Male,Black,Open Class,3,Kenneth Wayne Cameron,GRACIE ELITE TEAM
